team_name,player_name,player_batLR,opponents,pitcherLR,runners,strikes,pitch_course,pitch_type,pitch_height,hit_type,x_coord,y_coord
同志社大学.csv,堀内太陽,右,京大以外,左,なし,1,真中,ストレート,低め,ゴロ,295,349
同志社大学.csv,大井海音,左,京大以外,左,なし,2,外,スライダー,低め,ゴロ,362,495
同志社大学.csv,中森暁大,右,京大以外,左,なし,0,真中,スライダー,真中,ゴロ,527,622
立命館大学.csv,坂下晴翔,左,京大以外,右,なし,0,外,スライダー,低め,ゴロ,381,480
立命館大学.csv,川端一正,左,京大以外,右,なし,0,内,ストレート,低め,フライ,390,141
立命館大学.csv,岩間倫太朗,左,京大以外,右,なし,1,内,スライダー,低め,ゴロ,399,681
立命館大学.csv,岩間倫太朗,左,京大以外,右,なし,1,外,ストレート,真中,ライナー,63,460
立命館大学.csv,岩間倫太朗,左,京大以外,右,なし,2,外,フォーク,真中,フライ,229,299
同志社大学.csv,知念大河,右,京大以外,左,なし,0,真中,ストレート,低め,フライ,672,477
同志社大学.csv,知念大河,右,京大以外,左,なし,1,外,ストレート,高め,フライ,547,351
同志社大学.csv,齊藤佑征,左,京大以外,左,なし,0,真中,ストレート,低め,フライ,366,121
同志社大学.csv,影山智紀,右,京大以外,左,なし,0,外,チェンジアップ,低め,ゴロ,233,424
立命館大学.csv,星野大和,右,京大以外,右,なし,1,真中,スライダー,真中,フライ,350,161
立命館大学.csv,西野啓也,右,京大以外,右,なし,2,外,ストレート,高め,フライ,662,321
立命館大学.csv,福井一颯,右,京大以外,右,得点圏,1,内,ストレート,高め,フライ,251,575
立命館大学.csv,福井一颯,右,京大以外,右,得点圏,2,外,スライダー,低め,ゴロ,265,419
立命館大学.csv,川本大雅,右,京大以外,右,得点圏,0,外,スライダー,低め,フライ,353,147
同志社大学.csv,坂玲哉,右,京大以外,左,なし,0,外,ストレート,低め,ゴロ,471,651
同志社大学.csv,坂玲哉,右,京大以外,左,なし,1,真中,ストレート,低め,ゴロ,192,487
同志社大学.csv,大井海音,左,京大以外,左,1塁,1,真中,ストレート,高め,ゴロ,439,341
立命館大学.csv,坂下晴翔,左,京大以外,右,なし,2,内,ストレート,高め,フライ,335,683
立命館大学.csv,坂下晴翔,左,京大以外,右,なし,2,真中,ストレート,真中,フライ,298,109
立命館大学.csv,岩間倫太朗,左,京大以外,右,得点圏,1,真中,スライダー,真中,フライ,329,697
立命館大学.csv,岩間倫太朗,左,京大以外,右,得点圏,2,真中,スライダー,低め,ゴロ,596,551
立命館大学.csv,岩間倫太朗,左,京大以外,右,得点圏,2,真中,スライダー,低め,ゴロ,579,571
立命館大学.csv,岩間倫太朗,左,京大以外,右,得点圏,2,外,ストレート,真中,ライナー,33,455
立命館大学.csv,星野大和,右,京大以外,右,得点圏,0,内,スライダー,高め,フライ,457,272
立命館大学.csv,西野啓也,右,京大以外,右,1塁,1,外,スライダー,低め,ライナー,413,195
同志社大学.csv,堀内太陽,右,京大以外,左,なし,1,内,ストレート,真中,ライナー,317,669
同志社大学.csv,堀内太陽,右,京大以外,左,なし,2,外,ストレート,真中,ゴロ,349,655
同志社大学.csv,知念大河,右,京大以外,左,得点圏,0,外,ストレート,真中,フライ,504,673
同志社大学.csv,知念大河,右,京大以外,左,得点圏,1,真中,ストレート,真中,ライナー,213,293
同志社大学.csv,齊藤佑征,左,京大以外,左,得点圏,1,外,スライダー,低め,ゴロ,291,410
立命館大学.csv,野寺快,左,京大以外,右,なし,0,外,スライダー,低め,ゴロ,445,657
立命館大学.csv,野寺快,左,京大以外,右,なし,1,真中,スライダー,高め,ライナー,337,691
立命館大学.csv,野寺快,左,京大以外,右,なし,2,外,フォーク,高め,ゴロ,483,361
同志社大学.csv,牧原優太,左,京大以外,左,なし,0,内,ストレート,低め,フライ,425,125
同志社大学.csv,坂玲哉,右,京大以外,左,得点圏,1,外,ストレート,低め,ライナー,396,701
同志社大学.csv,坂玲哉,右,京大以外,左,得点圏,2,真中,スライダー,低め,ゴロ,334,675
同志社大学.csv,大井海音,左,京大以外,左,1塁,1,真中,スライダー,高め,ライナー,345,679
立命館大学.csv,川端一正,左,京大以外,右,なし,1,外,ストレート,高め,ゴロ,315,319
立命館大学.csv,岩間倫太朗,左,京大以外,右,1塁,0,真中,ストレート,真中,フライ,65,529
立命館大学.csv,岩間倫太朗,左,京大以外,右,1塁,1,内,スライダー,高め,ライナー,521,428
同志社大学.csv,堀内太陽,右,京大以外,左,なし,0,外,ストレート,真中,ライナー,569,351
同志社大学.csv,中森暁大,右,京大以外,左,なし,1,外,スライダー,真中,フライ,699,443
同志社大学.csv,知念大河,右,京大以外,左,なし,1,真中,スライダー,低め,フライ,343,159
立命館大学.csv,星野大和,右,京大以外,右,なし,1,外,ストレート,真中,ライナー,415,695
立命館大学.csv,野寺快,左,京大以外,右,1塁,0,真中,スライダー,高め,ライナー,357,687
立命館大学.csv,野寺快,左,京大以外,右,1塁,1,内,スライダー,低め,ゴロ,575,325
立命館大学.csv,福井一颯,右,京大以外,右,得点圏,1,外,スライダー,低め,ゴロ,279,423
立命館大学.csv,川本大雅,右,京大以外,右,得点圏,2,内,スライダー,高め,ゴロ,209,459
同志社大学.csv,齊藤佑征,左,京大以外,右,なし,0,内,ストレート,高め,ゴロ,523,436
同志社大学.csv,川満渚生,左,京大以外,右,なし,1,内,ストレート,高め,フライ,84,553
同志社大学.csv,川満渚生,左,京大以外,右,なし,2,真中,ストレート,高め,フライ,302,246
同志社大学.csv,牧原優太,左,京大以外,右,得点圏,2,内,ストレート,高め,フライ,118,571
同志社大学.csv,牧原優太,左,京大以外,右,得点圏,2,内,ストレート,高め,フライ,209,607
同志社大学.csv,牧原優太,左,京大以外,右,得点圏,2,内,ストレート,真中,ゴロ,469,379
同志社大学.csv,坂玲哉,右,京大以外,右,得点圏,1,外,ストレート,真中,フライ,479,696
同志社大学.csv,坂玲哉,右,京大以外,右,得点圏,1,真中,ストレート,高め,フライ,197,551
立命館大学.csv,坂下晴翔,左,京大以外,右,なし,0,真中,スライダー,真中,ゴロ,457,355
立命館大学.csv,川端一正,左,京大以外,右,なし,1,内,ストレート,高め,ライナー,637,347
立命館大学.csv,岩間倫太朗,左,京大以外,右,得点圏,0,内,ストレート,高め,フライ,127,529
立命館大学.csv,星野大和,右,京大以外,右,得点圏,0,内,ストレート,高め,ゴロ,333,342
同志社大学.csv,加藤航大,左,京大以外,右,なし,1,真中,ストレート,真中,ライナー,347,689
同志社大学.csv,加藤航大,左,京大以外,右,なし,2,真中,ストレート,高め,フライ,344,237
同志社大学.csv,堀内太陽,右,京大以外,右,1塁,0,外,ストレート,高め,フライ,485,225
同志社大学.csv,中森暁大,右,京大以外,右,1塁,0,外,ストレート,低め,フライ,486,158
同志社大学.csv,寺田賢生,左,京大以外,右,得点圏,1,内,ストレート,高め,ライナー,357,681
同志社大学.csv,寺田賢生,左,京大以外,右,得点圏,2,外,ストレート,真中,ライナー,149,577
同志社大学.csv,寺田賢生,左,京大以外,右,得点圏,2,真中,スライダー,低め,フライ,257,308
立命館大学.csv,西野啓也,右,京大以外,右,なし,0,内,ストレート,高め,フライ,653,532
立命館大学.csv,西野啓也,右,京大以外,右,なし,1,外,スライダー,低め,フライ,229,295
立命館大学.csv,福井一颯,右,京大以外,右,なし,1,真中,ツーシーム,低め,ゴロ,283,667
立命館大学.csv,福井一颯,右,京大以外,右,なし,2,外,ツーシーム,真中,ゴロ,476,344
同志社大学.csv,中田爽太,左,京大以外,右,なし,2,真中,ストレート,高め,ライナー,293,667
同志社大学.csv,中田爽太,左,京大以外,右,なし,2,外,チェンジアップ,真中,フライ,116,557
同志社大学.csv,中田爽太,左,京大以外,右,なし,2,真中,ストレート,低め,フライ,139,577
同志社大学.csv,中田爽太,左,京大以外,右,なし,2,真中,スライダー,低め,ゴロ,535,573
同志社大学.csv,中田爽太,左,京大以外,右,なし,2,内,ストレート,真中,フライ,307,684
同志社大学.csv,中田爽太,左,京大以外,右,なし,2,真中,ストレート,低め,フライ,334,228
同志社大学.csv,牧原優太,左,京大以外,右,なし,0,真中,チェンジアップ,低め,ゴロ,371,683
同志社大学.csv,藤澤颯馬,右,京大以外,右,なし,0,外,スライダー,低め,ゴロ,307,386
立命館大学.csv,野寺快,左,京大以外,右,なし,1,真中,ストレート,低め,ライナー,339,665
立命館大学.csv,塚本遵平,右,京大以外,右,なし,0,真中,ストレート,低め,フライ,637,553
立命館大学.csv,塚本遵平,右,京大以外,右,なし,1,外,カーブ,低め,ゴロ,317,669
立命館大学.csv,塚本遵平,右,京大以外,右,なし,1,外,カーブ,低め,ゴロ,385,487
立命館大学.csv,田中隼人,右,京大以外,右,なし,1,真中,ストレート,真中,ゴロ,323,682
立命館大学.csv,田中隼人,右,京大以外,右,なし,1,外,ストレート,高め,ゴロ,459,343
同志社大学.csv,藤澤颯馬,右,京大以外,右,なし,2,外,スライダー,真中,ゴロ,499,419
同志社大学.csv,大井海音,左,京大以外,左,なし,1,内,ストレート,低め,ゴロ,425,681
立命館大学.csv,三木勇人,右,京大以外,左,1塁,2,真中,ストレート,真中,ライナー,387,683
立命館大学.csv,三木勇人,右,京大以外,左,1塁,2,内,ストレート,高め,ライナー,351,685
立命館大学.csv,岩間倫太朗,左,京大以外,左,得点圏,0,内,ストレート,高め,ライナー,352,681
立命館大学.csv,西野啓也,右,京大以外,右,得点圏,0,真中,スライダー,真中,ライナー,17,293
立命館大学.csv,西野啓也,右,京大以外,右,得点圏,0,外,スライダー,低め,ゴロ,409,665
同志社大学.csv,赤山泰斗,右,京大以外,左,1塁,2,真中,ストレート,高め,ライナー,359,691
同志社大学.csv,佐藤悠斗,右,京大以外,左,1塁,0,内,ストレート,真中,ライナー,16,433
同志社大学.csv,佐藤悠斗,右,京大以外,左,1塁,1,内,ストレート,高め,ゴロ,232,423
同志社大学.csv,齊藤佑征,左,京大以外,左,得点圏,0,外,ストレート,真中,フライ,27,407
同志社大学.csv,齊藤佑征,左,京大以外,左,得点圏,1,内,フォーク,真中,フライ,577,371
同志社大学.csv,寺田賢生,左,京大以外,左,1塁,1,真中,ストレート,低め,ゴロ,319,335
同志社大学.csv,北田陸斗,左,京大以外,左,得点圏,1,真中,スライダー,低め,ゴロ,523,451
同志社大学.csv,川満渚生,左,京大以外,左,得点圏,0,真中,ストレート,高め,ゴロ,475,424
立命館大学.csv,坂下晴翔,左,京大以外,右,なし,1,真中,ストレート,高め,ライナー,343,691
立命館大学.csv,川端一正,左,京大以外,右,なし,2,外,ストレート,真中,ゴロ,408,249
立命館大学.csv,岩間倫太朗,左,京大以外,右,1塁,1,外,フォーク,低め,ゴロ,485,359
同志社大学.csv,牧原優太,左,京大以外,左,得点圏,1,真中,ストレート,高め,フライ,128,563
同志社大学.csv,知念大河,右,京大以外,左,得点圏,0,真中,ストレート,高め,フライ,431,135
同志社大学.csv,知念大河,右,京大以外,左,得点圏,1,内,ストレート,真中,ゴロ,430,397
同志社大学.csv,中森暁大,右,京大以外,左,得点圏,1,内,ストレート,真中,ゴロ,427,401
立命館大学.csv,星野大和,右,京大以外,右,なし,1,真中,ストレート,高め,ライナー,387,686
立命館大学.csv,星野大和,右,京大以外,右,なし,2,真中,スライダー,高め,ゴロ,159,556
立命館大学.csv,西野啓也,右,京大以外,右,なし,1,外,スライダー,真中,ゴロ,316,341
立命館大学.csv,野寺快,左,京大以外,右,なし,2,内,ストレート,高め,ライナー,215,634
同志社大学.csv,齊藤佑征,左,京大以外,左,なし,2,真中,ストレート,低め,ライナー,149,353
同志社大学.csv,影山智紀,右,京大以外,左,1塁,1,真中,ストレート,低め,ライナー,449,265
同志社大学.csv,大井海音,左,京大以外,左,得点圏,2,真中,スライダー,低め,ゴロ,505,355
立命館大学.csv,福井一颯,右,京大以外,右,なし,1,外,スライダー,高め,ゴロ,315,335
立命館大学.csv,川本大雅,右,京大以外,右,なし,1,外,スライダー,真中,ゴロ,289,359
同志社大学.csv,堀内太陽,右,京大以外,左,なし,1,内,ストレート,低め,ゴロ,285,373
同志社大学.csv,牧原優太,左,京大以外,左,なし,2,外,スライダー,低め,ゴロ,297,403
立命館大学.csv,坂下晴翔,左,京大以外,右,なし,0,内,スライダー,高め,フライ,253,385
立命館大学.csv,川端一正,左,京大以外,右,なし,2,外,フォーク,真中,ライナー,317,284
立命館大学.csv,岩間倫太朗,左,京大以外,右,1塁,0,真中,スライダー,低め,ライナー,653,381
立命館大学.csv,岩間倫太朗,左,京大以外,右,1塁,1,外,ストレート,低め,フライ,97,497
立命館大学.csv,岩間倫太朗,左,京大以外,右,1塁,2,内,ストレート,高め,フライ,463,542
同志社大学.csv,中森暁大,右,京大以外,左,なし,1,内,ストレート,低め,フライ,13,364
同志社大学.csv,齊藤佑征,左,京大以外,左,なし,1,真中,フォーク,真中,ゴロ,373,479
同志社大学.csv,影山智紀,右,京大以外,左,なし,1,真中,ストレート,高め,ゴロ,251,399
立命館大学.csv,西野啓也,右,京大以外,右,なし,1,真中,ストレート,高め,ライナー,517,321
立命館大学.csv,福井一颯,右,京大以外,右,得点圏,1,内,ストレート,高め,ライナー,39,437
立命館大学.csv,福井一颯,右,京大以外,右,得点圏,1,外,フォーク,低め,ゴロ,341,661
立命館大学.csv,川本大雅,右,京大以外,右,得点圏,0,内,ストレート,高め,ゴロ,333,647
同志社大学.csv,坂玲哉,右,京大以外,左,なし,1,外,ストレート,低め,ゴロ,241,435
立命館大学.csv,坂下晴翔,左,京大以外,右,なし,1,真中,カーブ,低め,ゴロ,547,330
立命館大学.csv,川端一正,左,京大以外,右,得点圏,1,真中,ストレート,真中,ゴロ,521,341
立命館大学.csv,岩間倫太朗,左,京大以外,右,得点圏,1,外,フォーク,低め,フライ,307,394
立命館大学.csv,星野大和,右,京大以外,右,得点圏,0,外,ツーシーム,高め,フライ,686,418
立命館大学.csv,星野大和,右,京大以外,右,得点圏,1,外,スライダー,真中,ライナー,422,706
同志社大学.csv,牧原優太,左,京大以外,左,なし,1,内,ストレート,真中,ゴロ,558,304
立命館大学.csv,西野啓也,右,京大以外,右,なし,0,内,ツーシーム,高め,ライナー,487,263
立命館大学.csv,柴田廉之助,左,京大以外,右,得点圏,0,外,フォーク,低め,ゴロ,428,639
立命館大学.csv,柴田廉之助,左,京大以外,右,得点圏,1,内,ストレート,低め,フライ,471,135
立命館大学.csv,川端一正,左,京大以外,右,得点圏,0,真中,ストレート,低め,フライ,69,467
立命館大学.csv,川端一正,左,京大以外,右,得点圏,2,外,フォーク,真中,フライ,541,313
立命館大学.csv,星野大和,右,京大以外,右,得点圏,0,真中,ストレート,低め,フライ,614,283
立命館大学.csv,西野啓也,右,京大以外,右,得点圏,1,外,スライダー,低め,フライ,597,264
同志社大学.csv,齊藤佑征,左,京大以外,左,なし,1,真中,フォーク,低め,ゴロ,461,394
同志社大学.csv,影山智紀,右,京大以外,左,なし,0,外,ストレート,高め,フライ,593,288
同志社大学.csv,坂玲哉,右,京大以外,左,なし,1,真中,ストレート,真中,ゴロ,286,359
京都大学.csv,松本径一郎,右,京大以外,左,なし,1,真中,フォーク,低め,ゴロ,417,513
関西学院大学.csv,中川将心,右,京大,右,なし,1,外,スライダー,真中,ライナー,539,293
関西学院大学.csv,渡部遥斗,左,京大,右,得点圏,0,内,スライダー,真中,フライ,229,253
関西学院大学.csv,高嶋奨哉,右,京大,右,得点圏,0,真中,スライダー,高め,ゴロ,187,549
関西学院大学.csv,高嶋奨哉,右,京大,右,得点圏,1,真中,スライダー,高め,フライ,36,431
関西学院大学.csv,高嶋奨哉,右,京大,右,得点圏,2,外,スライダー,高め,フライ,561,325
京都大学.csv,平木雄一郎,左,京大以外,左,1塁,1,真中,ストレート,低め,ゴロ,555,307
関西学院大学.csv,福谷宇楽,右,京大,右,なし,1,外,ストレート,高め,フライ,644,271
関西学院大学.csv,永仮晃大,左,京大,右,なし,0,真中,ストレート,高め,フライ,149,398
関西学院大学.csv,宮原大和,左,京大,右,なし,0,外,ストレート,高め,ライナー,327,689
関西学院大学.csv,宮原大和,左,京大,右,なし,1,内,ストレート,高め,ライナー,581,503
関西学院大学.csv,宮原大和,左,京大,右,なし,2,外,ストレート,高め,フライ,163,493
京都大学.csv,松本径一郎,右,京大以外,左,なし,0,外,スライダー,真中,フライ,432,261
関西学院大学.csv,畠山英士,右,京大,右,なし,2,真中,ストレート,高め,フライ,375,705
関西学院大学.csv,畠山英士,右,京大,右,なし,2,真中,ストレート,高め,フライ,373,702
関西学院大学.csv,畠山英士,右,京大,右,なし,2,内,ストレート,高め,ライナー,150,501
関西学院大学.csv,深田元貴,左,京大,右,得点圏,1,真中,チェンジアップ,低め,フライ,217,265
関西学院大学.csv,渡部遥斗,左,京大,右,得点圏,1,内,スライダー,高め,ゴロ,350,327
京都大学.csv,近藤俊太朗,左,京大以外,左,なし,0,内,ストレート,真中,ライナー,573,327
関西学院大学.csv,高嶋奨哉,右,京大,右,なし,0,真中,ストレート,高め,ライナー,349,719
関西学院大学.csv,高嶋奨哉,右,京大,右,なし,2,真中,ストレート,低め,ゴロ,323,683
関西学院大学.csv,高嶋奨哉,右,京大,右,なし,2,外,ストレート,低め,ゴロ,415,347
関西学院大学.csv,福谷宇楽,右,京大,右,なし,0,真中,ストレート,真中,フライ,295,95
関西学院大学.csv,宮原大和,左,京大,右,得点圏,0,外,チェンジアップ,高め,ライナー,304,677
関西学院大学.csv,宮原大和,左,京大,右,得点圏,1,外,ストレート,高め,ライナー,439,216
関西学院大学.csv,中川将心,右,京大,右,得点圏,1,真中,ストレート,低め,ライナー,531,277
関西学院大学.csv,深田元貴,左,京大,右,得点圏,1,真中,カーブ,真中,ライナー,259,600
関西学院大学.csv,深田元貴,左,京大,右,得点圏,2,真中,チェンジアップ,真中,ライナー,201,673
関西学院大学.csv,深田元貴,左,京大,右,得点圏,2,真中,スライダー,低め,ゴロ,371,487
関西学院大学.csv,渡部遥斗,左,京大,右,得点圏,0,真中,スライダー,高め,ゴロ,301,361
京都大学.csv,松本径一郎,右,京大以外,右,得点圏,2,外,スライダー,高め,フライ,506,169
関西学院大学.csv,福谷宇楽,右,京大,右,1塁,2,真中,ストレート,高め,ライナー,435,256
関西学院大学.csv,永仮晃大,左,京大,右,得点圏,1,真中,ストレート,高め,ゴロ,417,327
関西学院大学.csv,畠山英士,右,京大,右,得点圏,0,外,スライダー,低め,ライナー,429,702
関西学院大学.csv,畠山英士,右,京大,右,得点圏,2,内,ストレート,高め,フライ,401,565
京都大学.csv,山崎慶,左,京大以外,右,なし,0,真中,ストレート,真中,ライナー,457,352
京都大学.csv,渡辺祥大,右,京大以外,右,なし,2,内,ストレート,高め,ゴロ,329,348
関西学院大学.csv,中川将心,右,京大,右,なし,0,外,ストレート,真中,ゴロ,169,532
関西学院大学.csv,中川将心,右,京大,右,なし,1,外,ストレート,真中,ゴロ,468,386
関西学院大学.csv,高山隼,左,京大,右,なし,1,内,ストレート,真中,フライ,322,722
関西学院大学.csv,高山隼,左,京大,右,なし,2,外,ストレート,高め,フライ,243,660
関西学院大学.csv,高山隼,左,京大,右,なし,2,真中,ストレート,高め,フライ,135,563
関西学院大学.csv,渡部遥斗,左,京大,右,なし,1,真中,ストレート,真中,フライ,369,117
関西学院大学.csv,高嶋奨哉,右,京大,右,得点圏,1,真中,ストレート,低め,ゴロ,230,672
京都大学.csv,松本径一郎,右,京大以外,右,1塁,1,真中,スライダー,真中,ゴロ,185,529
京都大学.csv,松本径一郎,右,京大以外,右,1塁,2,外,スライダー,真中,フライ,481,555
関西学院大学.csv,福谷宇楽,右,京大,右,なし,0,内,スライダー,高め,フライ,167,607
関西学院大学.csv,福谷宇楽,右,京大,右,なし,0,真中,スライダー,低め,フライ,197,127
関西学院大学.csv,永仮晃大,左,京大,右,なし,2,外,ストレート,真中,ゴロ,351,389
関西学院大学.csv,宮原大和,左,京大,右,なし,0,内,スライダー,真中,フライ,529,323
京都大学.csv,近藤俊太朗,左,京大以外,右,なし,2,外,チェンジアップ,低め,ゴロ,495,415
関西学院大学.csv,塚野勇太,右,京大,右,なし,2,外,スライダー,真中,ゴロ,447,673
関西学院大学.csv,山本晃也,左,京大,右,なし,0,真中,スライダー,真中,ゴロ,557,479
関西学院大学.csv,山本晃也,左,京大,右,なし,2,外,スライダー,高め,フライ,193,174
関西学院大学.csv,中川将心,右,京大,右,なし,1,外,スライダー,低め,フライ,361,174
京都大学.csv,神作優志,右,京大以外,右,なし,2,真中,スライダー,低め,ゴロ,175,503
京都大学.csv,渡辺祥大,右,京大以外,右,なし,1,外,スライダー,低め,フライ,486,297
近畿大学.csv,谷本颯太,左,京大以外,左,なし,0,内,ストレート,高め,ゴロ,531,421
近畿大学.csv,勝田成,左,京大以外,左,なし,2,外,ストレート,高め,ゴロ,320,348
近畿大学.csv,久保尊,左,京大以外,左,なし,0,内,ストレート,真中,ライナー,507,349
関西学院大学.csv,中川将心,右,京大以外,右,なし,0,真中,ストレート,真中,ライナー,340,258
関西学院大学.csv,渡部遥斗,左,京大以外,右,得点圏,2,真中,ストレート,高め,ゴロ,398,351
関西学院大学.csv,福谷宇楽,右,京大以外,右,得点圏,1,真中,ストレート,真中,フライ,360,597
関西学院大学.csv,宮原大和,左,京大以外,右,得点圏,1,真中,ストレート,高め,ゴロ,436,332
関西学院大学.csv,高嶋奨哉,右,京大以外,右,得点圏,1,外,カーブ,真中,ライナー,223,420
近畿大学.csv,三木太介,右,京大以外,左,なし,0,外,ストレート,低め,フライ,639,525
近畿大学.csv,三木太介,右,京大以外,左,なし,2,真中,ストレート,高め,フライ,33,121
近畿大学.csv,伊藤愛都,左,京大以外,左,なし,0,真中,スライダー,低め,フライ,249,251
近畿大学.csv,阪上翔也,左,京大以外,左,なし,1,真中,スライダー,真中,ライナー,403,255
近畿大学.csv,田村好誠,右,京大以外,左,1塁,0,真中,ストレート,真中,ライナー,408,707
近畿大学.csv,田村好誠,右,京大以外,左,1塁,0,外,ストレート,真中,ライナー,379,703
関西学院大学.csv,山口称大,左,京大以外,右,なし,0,真中,ストレート,高め,ライナー,355,685
関西学院大学.csv,山口称大,左,京大以外,右,なし,2,内,ストレート,高め,フライ,390,698
関西学院大学.csv,畠山英士,右,京大以外,右,1塁,1,真中,ストレート,高め,フライ,432,689
関西学院大学.csv,畠山英士,右,京大以外,右,1塁,2,真中,ストレート,高め,ライナー,651,491
関西学院大学.csv,畠山英士,右,京大以外,右,1塁,2,真中,ストレート,高め,ライナー,387,692
関西学院大学.csv,畠山英士,右,京大以外,右,1塁,2,真中,ストレート,真中,ライナー,497,279
関西学院大学.csv,中川将心,右,京大以外,右,得点圏,2,外,ストレート,低め,ライナー,547,626
関西学院大学.csv,中川将心,右,京大以外,右,得点圏,2,内,ストレート,低め,ゴロ,246,473
関西学院大学.csv,畠山英士,右,京大以外,右,1塁,2,真中,ストレート,低め,ライナー,658,480
近畿大学.csv,八幡大介,左,京大以外,左,なし,1,外,ストレート,真中,ゴロ,379,487
近畿大学.csv,谷本颯太,左,京大以外,左,なし,1,内,スライダー,高め,ゴロ,342,686
近畿大学.csv,谷本颯太,左,京大以外,左,なし,2,内,ストレート,真中,フライ,331,233
関西学院大学.csv,渡部遥斗,左,京大以外,右,なし,0,外,スライダー,低め,ゴロ,331,361
関西学院大学.csv,福谷宇楽,右,京大以外,右,なし,1,内,フォーク,低め,ゴロ,339,672
関西学院大学.csv,福谷宇楽,右,京大以外,右,なし,2,外,ストレート,真中,ゴロ,468,356
関西学院大学.csv,宮原大和,左,京大以外,右,なし,0,真中,ストレート,低め,ゴロ,521,415
関西学院大学.csv,中川将心,右,京大以外,左,なし,0,真中,スライダー,真中,ライナー,262,276
関西学院大学.csv,宮原大和,左,京大以外,左,得点圏,0,真中,ストレート,真中,ゴロ,230,326
関西学院大学.csv,高嶋奨哉,右,京大以外,左,得点圏,0,真中,スライダー,低め,フライ,457,351
関西学院大学.csv,福谷宇楽,右,京大以外,左,得点圏,0,内,ストレート,高め,フライ,672,483
関西学院大学.csv,福谷宇楽,右,京大以外,左,得点圏,1,真中,スライダー,高め,ライナー,309,702
関西学院大学.csv,福谷宇楽,右,京大以外,左,得点圏,2,真中,スライダー,低め,フライ,579,255
立命館大学.csv,坂下晴翔,左,京大以外,右,なし,0,内,ストレート,高め,フライ,292,688
立命館大学.csv,坂下晴翔,左,京大以外,右,なし,1,真中,ストレート,高め,ゴロ,322,336
立命館大学.csv,川端一正,左,京大以外,右,なし,2,内,ストレート,真中,ライナー,158,638
立命館大学.csv,川端一正,左,京大以外,右,なし,2,内,ストレート,高め,ライナー,314,702
立命館大学.csv,川端一正,左,京大以外,右,なし,2,内,ストレート,低め,ライナー,720,390
立命館大学.csv,川端一正,左,京大以外,右,なし,2,外,スライダー,真中,ゴロ,305,353
立命館大学.csv,岩間倫太朗,左,京大以外,右,なし,1,真中,スライダー,低め,ゴロ,346,705
立命館大学.csv,岩間倫太朗,左,京大以外,右,なし,2,真中,フォーク,真中,フライ,126,642
立命館大学.csv,岩間倫太朗,左,京大以外,右,なし,2,真中,ストレート,真中,ライナー,304,711
立命館大学.csv,岩間倫太朗,左,京大以外,右,なし,2,内,フォーク,低め,フライ,579,328
関西学院大学.csv,渡部遥斗,左,京大以外,左,なし,1,真中,スライダー,真中,ライナー,152,644
関西学院大学.csv,渡部遥斗,左,京大以外,左,なし,2,外,スライダー,低め,ライナー,228,693
関西学院大学.csv,渡部遥斗,左,京大以外,左,なし,2,外,スライダー,低め,ライナー,316,702
関西学院大学.csv,渡部遥斗,左,京大以外,左,なし,2,内,ストレート,高め,フライ,159,347
関西学院大学.csv,畠山英士,右,京大以外,左,なし,2,内,ストレート,高め,ゴロ,373,507
関西学院大学.csv,中川将心,右,京大以外,左,得点圏,1,外,ストレート,真中,ライナー,709,397
立命館大学.csv,星野大和,右,京大以外,右,なし,0,内,ストレート,高め,ゴロ,222,430
立命館大学.csv,丸岡優太,右,京大以外,右,1塁,1,真中,ストレート,真中,フライ,421,726
立命館大学.csv,丸岡優太,右,京大以外,右,1塁,2,外,ストレート,高め,フライ,311,196
立命館大学.csv,福井一颯,右,京大以外,右,1塁,0,真中,ストレート,真中,フライ,523,315
関西学院大学.csv,高山隼,左,京大以外,左,なし,2,外,ストレート,低め,ライナー,372,730
関西学院大学.csv,高山隼,左,京大以外,左,なし,2,内,スライダー,低め,ライナー,190,687
関西学院大学.csv,高山隼,左,京大以外,左,なし,2,真中,ストレート,低め,ライナー,157,551
関西学院大学.csv,高山隼,左,京大以外,左,なし,2,真中,チェンジアップ,低め,フライ,187,318
関西学院大学.csv,宮原大和,左,京大以外,左,なし,0,内,スライダー,真中,フライ,525,310
立命館大学.csv,川端一正,左,京大以外,右,得点圏,1,真中,ストレート,真中,フライ,12,445
立命館大学.csv,川端一正,左,京大以外,右,得点圏,2,真中,ストレート,低め,フライ,307,708
関西学院大学.csv,福谷宇楽,右,京大以外,左,なし,0,外,チェンジアップ,低め,フライ,354,176
関西学院大学.csv,渡部遥斗,左,京大以外,左,なし,0,外,スライダー,低め,フライ,307,707
関西学院大学.csv,渡部遥斗,左,京大以外,左,なし,1,内,スライダー,低め,フライ,155,443
関西学院大学.csv,渡部遥斗,左,京大以外,左,なし,2,内,ストレート,高め,ゴロ,288,391
関西学院大学.csv,黒田颯大,右,京大以外,左,なし,0,真中,スライダー,低め,ゴロ,289,359
立命館大学.csv,岩間倫太朗,左,京大以外,右,なし,2,真中,ストレート,真中,フライ,501,256
立命館大学.csv,星野大和,右,京大以外,右,なし,1,外,スライダー,真中,ライナー,117,297
立命館大学.csv,西野啓也,右,京大以外,右,得点圏,1,外,ストレート,真中,ゴロ,401,332
関西学院大学.csv,畠山英士,右,京大以外,左,なし,1,内,ストレート,真中,ゴロ,223,506
関西学院大学.csv,山口称大,左,京大以外,左,なし,0,外,ストレート,低め,ゴロ,476,360
関西学院大学.csv,高山隼,左,京大以外,左,1塁,1,内,ストレート,真中,フライ,112,589
立命館大学.csv,福井一颯,右,京大以外,右,なし,2,外,スライダー,高め,ゴロ,389,504
立命館大学.csv,角井翔一郎,左,京大以外,右,なし,1,内,ストレート,高め,ライナー,555,283
立命館大学.csv,野寺快,左,京大以外,右,1塁,0,真中,ストレート,低め,ライナー,407,273
立命館大学.csv,川端一正,左,京大以外,右,得点圏,0,真中,ストレート,低め,ライナー,348,251
立命館大学.csv,星野大和,右,京大以外,右,得点圏,0,外,スライダー,真中,フライ,93,193
立命館大学.csv,西野啓也,右,京大以外,右,得点圏,2,外,ストレート,真中,ライナー,374,719
立命館大学.csv,西野啓也,右,京大以外,右,得点圏,2,内,ストレート,低め,ゴロ,263,644
立命館大学.csv,西野啓也,右,京大以外,右,得点圏,2,外,ストレート,高め,ゴロ,334,546
関西学院大学.csv,高嶋奨哉,右,京大以外,左,1塁,1,外,チェンジアップ,高め,ゴロ,439,704
関西学院大学.csv,福谷宇楽,右,京大以外,左,得点圏,0,外,チェンジアップ,低め,ゴロ,332,369
関西学院大学.csv,渡部遥斗,左,京大以外,左,得点圏,2,真中,スライダー,真中,ゴロ,423,253
関西学院大学.csv,畠山英士,右,京大以外,左,得点圏,1,外,チェンジアップ,真中,フライ,13,418
立命館大学.csv,丸岡優太,右,京大以外,右,なし,2,外,ストレート,高め,ゴロ,340,540
立命館大学.csv,福井一颯,右,京大以外,右,1塁,1,外,スライダー,低め,ゴロ,552,631
立命館大学.csv,福井一颯,右,京大以外,右,1塁,1,外,スライダー,低め,フライ,453,667
関西学院大学.csv,山口称大,左,京大以外,左,なし,2,外,スライダー,真中,ゴロ,415,250
関西学院大学.csv,深田元貴,左,京大以外,左,得点圏,1,内,チェンジアップ,高め,ゴロ,548,507
関西学院大学.csv,高嶋奨哉,右,京大以外,左,得点圏,0,外,チェンジアップ,高め,フライ,26,354
関西学院大学.csv,高嶋奨哉,右,京大以外,左,得点圏,1,外,ストレート,真中,ゴロ,245,646
関西学院大学.csv,高嶋奨哉,右,京大以外,左,得点圏,2,外,チェンジアップ,低め,ゴロ,350,523
関西学院大学.csv,福谷宇楽,右,京大以外,右,得点圏,0,真中,スライダー,真中,フライ,264,317
関西学院大学.csv,渡部遥斗,左,京大以外,右,得点圏,0,外,ストレート,低め,ゴロ,563,485
関西学院大学.csv,渡部遥斗,左,京大以外,右,得点圏,1,外,ストレート,高め,ゴロ,320,337
関西学院大学.csv,高嶋奨哉,右,京大以外,左,1塁,1,真中,スライダー,真中,ライナー,202,345
関西学院大学.csv,福谷宇楽,右,京大以外,左,得点圏,0,内,ストレート,真中,ライナー,447,382
関西学院大学.csv,渡部遥斗,左,京大以外,左,得点圏,0,真中,ストレート,真中,ゴロ,295,358
立命館大学.csv,川本大雅,右,京大以外,右,なし,1,内,ストレート,高め,ゴロ,253,437
立命館大学.csv,坂下晴翔,左,京大以外,右,なし,1,真中,ストレート,低め,ゴロ,564,301
立命館大学.csv,岩間倫太朗,左,京大以外,右,得点圏,0,外,ストレート,低め,ゴロ,467,371
関西学院大学.csv,畠山英士,右,京大以外,左,なし,0,真中,スライダー,低め,ライナー,589,491
関西学院大学.csv,畠山英士,右,京大以外,左,なし,1,外,チェンジアップ,真中,ゴロ,320,339
立命館大学.csv,星野大和,右,京大以外,右,なし,2,外,ストレート,真中,ゴロ,324,337
立命館大学.csv,西野啓也,右,京大以外,右,なし,1,真中,スライダー,低め,ゴロ,112,512
立命館大学.csv,西野啓也,右,京大以外,右,なし,2,外,カットボール,高め,ライナー,394,695
立命館大学.csv,西野啓也,右,京大以外,右,なし,2,外,スライダー,低め,ゴロ,410,329
関西学院大学.csv,中川将心,右,京大以外,左,なし,1,真中,スライダー,低め,ゴロ,136,483
関西学院大学.csv,中川将心,右,京大以外,左,なし,2,外,ストレート,高め,ゴロ,541,313
関西学院大学.csv,宮原大和,左,京大以外,左,得点圏,0,真中,ストレート,高め,ゴロ,371,485
関西学院大学.csv,高嶋奨哉,右,京大以外,左,得点圏,2,内,ストレート,高め,ゴロ,261,417
立命館大学.csv,福井一颯,右,京大以外,右,なし,1,外,スライダー,高め,フライ,676,475
立命館大学.csv,福井一颯,右,京大以外,右,なし,2,外,スライダー,低め,フライ,331,277
近畿大学.csv,勝田成,左,京大以外,左,なし,1,真中,ストレート,高め,ゴロ,595,477
近畿大学.csv,勝田成,左,京大以外,左,なし,2,外,ストレート,真中,フライ,102,360
関西学院大学.csv,高嶋奨哉,右,京大以外,右,なし,0,真中,ストレート,低め,ゴロ,390,645
関西学院大学.csv,高嶋奨哉,右,京大以外,右,なし,1,内,ストレート,低め,フライ,615,450
関西学院大学.csv,高嶋奨哉,右,京大以外,右,なし,2,真中,ストレート,高め,ライナー,371,691
関西学院大学.csv,高嶋奨哉,右,京大以外,右,なし,2,内,ストレート,高め,フライ,221,276
関西学院大学.csv,山口称大,左,京大以外,右,なし,2,真中,ストレート,高め,フライ,622,200
関西学院大学.csv,高山隼,左,京大以外,右,なし,1,真中,スライダー,低め,ゴロ,466,375
近畿大学.csv,伊藤愛都,左,京大以外,左,なし,1,真中,ストレート,高め,ライナー,204,302
近畿大学.csv,酒井優夢,右,京大以外,左,得点圏,1,外,フォーク,真中,フライ,702,452
近畿大学.csv,井関駿翔,右,京大以外,左,得点圏,0,外,フォーク,真中,フライ,4,434
近畿大学.csv,井関駿翔,右,京大以外,左,得点圏,0,真中,フォーク,高め,ライナー,376,695
近畿大学.csv,谷本颯太,左,京大以外,左,得点圏,0,外,ストレート,高め,フライ,240,716
近畿大学.csv,谷本颯太,左,京大以外,左,得点圏,1,真中,ストレート,高め,ライナー,305,699
近畿大学.csv,谷本颯太,左,京大以外,左,得点圏,2,内,スライダー,高め,ライナー,263,704
近畿大学.csv,谷本颯太,左,京大以外,左,得点圏,2,真中,ストレート,高め,フライ,409,188
関西学院大学.csv,畠山英士,右,京大以外,右,なし,0,真中,フォーク,高め,フライ,12,253
関西学院大学.csv,中川将心,右,京大以外,右,得点圏,0,外,フォーク,真中,フライ,571,250
近畿大学.csv,勝田成,左,京大以外,左,なし,1,内,ストレート,低め,フライ,729,334
近畿大学.csv,勝田成,左,京大以外,左,なし,2,内,ストレート,高め,フライ,163,635
近畿大学.csv,勝田成,左,京大以外,左,なし,2,内,ストレート,高め,ライナー,672,302
近畿大学.csv,久保尊,左,京大以外,左,得点圏,1,真中,ストレート,高め,ライナー,350,698
近畿大学.csv,久保尊,左,京大以外,左,得点圏,2,真中,スライダー,高め,フライ,308,706
近畿大学.csv,久保尊,左,京大以外,左,得点圏,2,真中,スライダー,高め,フライ,302,703
近畿大学.csv,久保尊,左,京大以外,左,得点圏,2,内,ストレート,真中,ゴロ,631,506
近畿大学.csv,三木太介,右,京大以外,左,得点圏,2,外,ストレート,真中,ライナー,721,432
近畿大学.csv,阪上翔也,左,京大以外,左,得点圏,0,真中,ストレート,低め,フライ,135,580
近畿大学.csv,阪上翔也,左,京大以外,左,得点圏,1,真中,ストレート,高め,ライナー,344,712
近畿大学.csv,阪上翔也,左,京大以外,左,得点圏,2,外,ストレート,高め,フライ,339,125
近畿大学.csv,田村好誠,右,京大以外,左,得点圏,2,内,ストレート,真中,フライ,234,325
関西学院大学.csv,福谷宇楽,右,京大以外,右,なし,0,外,スライダー,低め,ゴロ,395,224
関西学院大学.csv,宮原大和,左,京大以外,右,1塁,2,外,フォーク,低め,ゴロ,503,506
関西学院大学.csv,宮原大和,左,京大以外,右,得点圏,2,真中,ストレート,低め,ライナー,361,228
関西学院大学.csv,山口称大,左,京大以外,右,得点圏,2,内,ストレート,高め,フライ,603,466
関西学院大学.csv,畠山英士,右,京大以外,左,得点圏,0,外,ストレート,真中,フライ,394,169
近畿大学.csv,永井士航,左,京大以外,左,なし,1,真中,ストレート,真中,ゴロ,356,325
近畿大学.csv,谷本颯太,左,京大以外,左,なし,2,真中,ストレート,高め,ゴロ,336,336
関西学院大学.csv,中川将心,右,京大以外,左,なし,2,外,ストレート,高め,フライ,576,290
関西学院大学.csv,渡部遥斗,左,京大以外,左,なし,1,内,スライダー,真中,ゴロ,492,374
近畿大学.csv,勝田成,左,京大以外,左,なし,0,内,ストレート,高め,ライナー,194,637
近畿大学.csv,勝田成,左,京大以外,左,なし,0,内,ストレート,高め,ライナー,560,335
近畿大学.csv,久保尊,左,京大以外,左,1塁,1,内,ストレート,高め,ライナー,324,689
近畿大学.csv,伊藤愛都,左,京大以外,左,1塁,1,内,ストレート,高め,ライナー,327,683
近畿大学.csv,久保尊,左,京大以外,左,1塁,2,真中,スライダー,真中,ゴロ,489,443
近畿大学.csv,伊藤愛都,左,京大以外,左,得点圏,1,外,ストレート,高め,ライナー,289,703
近畿大学.csv,伊藤愛都,左,京大以外,左,得点圏,2,内,ストレート,高め,フライ,202,553
関西学院大学.csv,福谷宇楽,右,京大以外,左,なし,0,真中,スライダー,高め,ゴロ,198,287
関西学院大学.csv,宮原大和,左,京大以外,左,1塁,0,真中,ストレート,高め,ゴロ,551,288
関西学院大学.csv,高嶋奨哉,右,京大以外,左,得点圏,2,外,ストレート,低め,ゴロ,207,310
関西学院大学.csv,高山隼,左,京大以外,左,得点圏,0,内,ストレート,真中,ゴロ,451,363
近畿大学.csv,阪上翔也,左,京大以外,左,なし,2,内,ストレート,低め,ライナー,359,313
近畿大学.csv,田村好誠,右,京大以外,左,なし,2,外,ストレート,低め,ライナー,457,726
近畿大学.csv,田村好誠,右,京大以外,左,なし,2,真中,フォーク,真中,ライナー,652,523
近畿大学.csv,田村好誠,右,京大以外,左,なし,2,内,ストレート,高め,ゴロ,535,645
近畿大学.csv,永井士航,左,京大以外,左,なし,0,内,カーブ,高め,ゴロ,347,325
関西学院大学.csv,畠山英士,右,京大以外,左,なし,0,内,ストレート,真中,ライナー,395,700
関西学院大学.csv,畠山英士,右,京大以外,左,なし,1,内,ストレート,真中,フライ,206,302
関西学院大学.csv,中川将心,右,京大以外,左,1塁,0,外,チェンジアップ,低め,ゴロ,293,357
近畿大学.csv,勝田成,左,京大以外,左,得点圏,1,内,ストレート,高め,フライ,345,680
近畿大学.csv,勝田成,左,京大以外,左,得点圏,2,真中,ストレート,高め,フライ,23,315
近畿大学.csv,久保尊,左,京大以外,左,得点圏,1,真中,ストレート,低め,ライナー,602,285
関西学院大学.csv,渡部遥斗,左,京大以外,左,なし,0,内,ストレート,高め,ライナー,192,626
関西学院大学.csv,渡部遥斗,左,京大以外,左,なし,2,真中,ストレート,高め,フライ,211,209
関西学院大学.csv,福谷宇楽,右,京大以外,左,なし,2,内,ストレート,低め,フライ,497,208
関西学院大学.csv,宮原大和,左,京大以外,左,なし,2,内,ストレート,高め,ライナー,331,715
近畿大学.csv,三木太介,右,京大以外,左,なし,1,外,ストレート,高め,フライ,434,174
近畿大学.csv,伊藤愛都,左,京大以外,左,なし,2,外,ストレート,低め,ライナー,374,665
近畿大学.csv,伊藤愛都,左,京大以外,左,なし,2,真中,ストレート,低め,ゴロ,317,339
近畿大学.csv,阪上翔也,左,京大以外,左,なし,0,内,ストレート,高め,ライナー,344,695
近畿大学.csv,阪上翔也,左,京大以外,左,なし,2,外,ストレート,高め,ゴロ,187,289
近畿大学.csv,野間翔一郎,左,京大以外,左,1塁,1,真中,ストレート,高め,ゴロ,212,253
近畿大学.csv,永井士航,左,京大以外,左,得点圏,0,真中,フォーク,真中,ゴロ,494,446
関西学院大学.csv,高嶋奨哉,右,京大以外,左,なし,1,外,ストレート,真中,フライ,574,306
関西学院大学.csv,杉本瞬,左,京大以外,左,なし,0,真中,ストレート,高め,ゴロ,493,392
関西学院大学.csv,高山隼,左,京大以外,左,なし,1,真中,チェンジアップ,高め,フライ,118,547
関西学院大学.csv,高山隼,左,京大以外,左,なし,1,内,ストレート,高め,フライ,217,371
近畿大学.csv,久保尊,左,京大以外,左,得点圏,0,内,ストレート,高め,ライナー,319,709
近畿大学.csv,久保尊,左,京大以外,左,得点圏,1,真中,ストレート,低め,ゴロ,573,307
近畿大学.csv,三木太介,右,京大以外,左,得点圏,0,外,ストレート,低め,ライナー,425,710
近畿大学.csv,三木太介,右,京大以外,左,得点圏,1,真中,フォーク,高め,フライ,618,464
近畿大学.csv,三木太介,右,京大以外,左,得点圏,2,真中,ストレート,高め,フライ,416,170
近畿大学.csv,伊藤愛都,左,京大以外,左,得点圏,0,外,スライダー,真中,ゴロ,374,485
関西学院大学.csv,畠山英士,右,京大以外,左,なし,1,真中,ストレート,高め,フライ,319,176
関西学院大学.csv,角野健士,左,京大以外,左,なし,2,内,ストレート,高め,ライナー,300,693
関西学院大学.csv,角野健士,左,京大以外,左,なし,2,真中,チェンジアップ,高め,ライナー,293,724
関西学院大学.csv,中川将心,右,京大以外,左,なし,1,外,チェンジアップ,低め,ライナー,309,268
関西学院大学.csv,福谷宇楽,右,京大以外,左,得点圏,1,内,スライダー,低め,ゴロ,188,653
関西学院大学.csv,福谷宇楽,右,京大以外,左,得点圏,2,内,ストレート,高め,フライ,454,492
関西学院大学.csv,中川将心,右,京大以外,右,なし,1,内,ストレート,低め,ゴロ,290,360
関西学院大学.csv,渡部遥斗,左,京大以外,右,なし,1,内,ストレート,高め,フライ,189,372
近畿大学.csv,谷本颯太,左,京大以外,右,なし,2,真中,フォーク,真中,ゴロ,344,255
近畿大学.csv,阪上翔也,左,京大以外,右,なし,1,真中,スライダー,真中,ライナー,418,257
近畿大学.csv,伊藤愛都,左,京大以外,右,得点圏,2,外,スライダー,真中,ゴロ,461,351
関西学院大学.csv,宮原大和,左,京大以外,右,なし,0,内,ストレート,真中,フライ,501,556
関西学院大学.csv,山本晃也,左,京大以外,右,なし,2,真中,ストレート,高め,フライ,718,312
関西学院大学.csv,高嶋奨哉,右,京大以外,右,なし,1,真中,ストレート,低め,フライ,442,173
近畿大学.csv,田村好誠,右,京大以外,左,得点圏,2,外,ストレート,低め,ライナー,559,631
近畿大学.csv,田村好誠,右,京大以外,左,得点圏,2,外,ストレート,真中,ライナー,388,684
近畿大学.csv,田村好誠,右,京大以外,左,得点圏,2,外,カーブ,真中,ライナー,406,689
近畿大学.csv,田村好誠,右,京大以外,左,得点圏,2,外,ストレート,低め,ライナー,696,456
関西学院大学.csv,深田元貴,左,京大以外,右,なし,1,内,ストレート,低め,ゴロ,466,383
関西学院大学.csv,塚野勇太,右,京大以外,右,なし,0,内,ストレート,真中,フライ,399,683
関西学院大学.csv,塚野勇太,右,京大以外,右,なし,1,外,ストレート,真中,ゴロ,295,349
近畿大学.csv,谷本颯太,左,京大以外,左,なし,1,真中,ストレート,真中,ゴロ,314,342
近畿大学.csv,勝田成,左,京大以外,左,なし,0,内,ストレート,真中,フライ,581,290
関西学院大学.csv,中川将心,右,京大以外,右,なし,0,真中,ストレート,高め,フライ,540,230
関西学院大学.csv,渡部遥斗,左,京大以外,右,なし,2,内,ストレート,真中,ゴロ,501,434
関西学院大学.csv,福谷宇楽,右,京大以外,右,なし,1,真中,ストレート,低め,フライ,112,148
関西学院大学.csv,宮原大和,左,京大以外,右,なし,0,内,ストレート,高め,ライナー,355,682
近畿大学.csv,阪上翔也,左,京大以外,左,なし,1,内,スライダー,高め,ライナー,353,679
近畿大学.csv,阪上翔也,左,京大以外,左,なし,2,内,スライダー,真中,ライナー,633,507
近畿大学.csv,阪上翔也,左,京大以外,左,なし,2,真中,スライダー,低め,フライ,411,219
近畿大学.csv,三木太介,右,京大以外,左,1塁,0,外,ストレート,真中,フライ,561,285
近畿大学.csv,田村好誠,右,京大以外,左,得点圏,2,外,スライダー,低め,ライナー,677,479
関西学院大学.csv,山本晃也,左,京大以外,右,なし,1,内,ストレート,真中,ゴロ,457,349
関西学院大学.csv,高嶋奨哉,右,京大以外,右,なし,2,真中,ストレート,真中,フライ,607,525
関西学院大学.csv,高嶋奨哉,右,京大以外,右,なし,2,外,ストレート,高め,フライ,555,571
関西学院大学.csv,深田元貴,左,京大以外,右,1塁,1,内,ストレート,低め,ゴロ,569,326
関西学院大学.csv,塚野勇太,右,京大以外,右,得点圏,0,外,カーブ,低め,ゴロ,381,663
関西学院大学.csv,塚野勇太,右,京大以外,右,得点圏,1,外,カーブ,真中,ゴロ,243,429
近畿大学.csv,渡邊升翔,右,京大以外,左,なし,0,外,ストレート,真中,ライナー,387,696
近畿大学.csv,渡邊升翔,右,京大以外,左,なし,1,外,スライダー,低め,ゴロ,304,385
近畿大学.csv,勝田成,左,京大以外,左,なし,1,内,ストレート,高め,ゴロ,559,547
近畿大学.csv,勝田成,左,京大以外,左,なし,2,内,ストレート,高め,フライ,152,577
近畿大学.csv,勝田成,左,京大以外,左,なし,2,外,スライダー,真中,ライナー,497,285
近畿大学.csv,久保尊,左,京大以外,左,1塁,0,真中,ストレート,真中,フライ,109,321
関西学院大学.csv,渡部遥斗,左,京大以外,右,得点圏,0,内,スライダー,真中,ゴロ,489,405
関西学院大学.csv,福谷宇楽,右,京大以外,右,得点圏,1,外,スライダー,真中,ゴロ,421,330
近畿大学.csv,阪上翔也,左,京大以外,左,なし,1,内,ストレート,高め,フライ,329,689
近畿大学.csv,阪上翔也,左,京大以外,左,なし,2,内,スライダー,低め,フライ,566,308
近畿大学.csv,伊藤愛都,左,京大以外,左,なし,1,内,ストレート,高め,ゴロ,127,527
近畿大学.csv,伊藤愛都,左,京大以外,左,なし,2,内,スライダー,真中,フライ,689,456
近畿大学.csv,伊藤愛都,左,京大以外,左,なし,2,内,ストレート,高め,フライ,527,533
近畿大学.csv,三木太介,右,京大以外,左,なし,1,外,スライダー,低め,フライ,439,699
関西学院大学.csv,宮原大和,左,京大以外,右,なし,1,外,スライダー,真中,ゴロ,485,365
関西学院大学.csv,山本晃也,左,京大以外,右,なし,0,内,ストレート,高め,ゴロ,519,348
関西学院大学.csv,角野健士,左,京大以外,右,得点圏,0,内,スライダー,真中,フライ,175,333
関西学院大学.csv,中川将心,右,京大以外,右,得点圏,1,内,チェンジアップ,低め,ゴロ,471,359
近畿大学.csv,八幡大介,左,京大以外,右,なし,0,内,カーブ,低め,ゴロ,565,325
近畿大学.csv,野間翔一郎,左,京大以外,右,なし,1,内,ストレート,真中,ゴロ,478,359
近畿大学.csv,永井士航,左,京大以外,右,なし,1,外,ストレート,低め,フライ,195,306
関西学院大学.csv,畠山英士,右,京大以外,左,なし,0,外,ストレート,低め,フライ,231,239
関西学院大学.csv,福谷宇楽,右,京大以外,左,なし,0,内,ストレート,高め,フライ,627,521
関西学院大学.csv,福谷宇楽,右,京大以外,左,なし,1,内,ストレート,高め,ライナー,468,637
関西学院大学.csv,宮原大和,左,京大以外,左,なし,0,内,スライダー,真中,ライナー,616,492
関西学院大学.csv,宮原大和,左,京大以外,左,なし,1,内,カーブ,真中,フライ,729,373
近畿大学.csv,久保尊,左,京大以外,右,得点圏,1,内,スライダー,真中,ゴロ,570,461
近畿大学.csv,久保尊,左,京大以外,右,得点圏,2,内,スライダー,高め,フライ,115,409
近畿大学.csv,阪上翔也,左,京大以外,右,得点圏,1,外,スライダー,低め,ライナー,353,692
近畿大学.csv,阪上翔也,左,京大以外,右,得点圏,2,外,スライダー,真中,フライ,455,154
近畿大学.csv,實谷大周,左,京大以外,右,得点圏,1,内,スライダー,真中,フライ,620,537
近畿大学.csv,實谷大周,左,京大以外,右,得点圏,2,真中,スライダー,低め,フライ,292,361
関西学院大学.csv,塩島康資,左,京大以外,右,得点圏,1,真中,スライダー,高め,フライ,127,469
関西学院大学.csv,塩島康資,左,京大以外,右,得点圏,2,内,ストレート,高め,フライ,394,695
関西学院大学.csv,塩島康資,左,京大以外,左,1塁,0,内,ストレート,真中,フライ,187,377
関西学院大学.csv,山口称大,左,京大以外,左,なし,0,内,ストレート,高め,ライナー,356,695
近畿大学.csv,作田雄規,左,京大以外,右,得点圏,0,真中,ストレート,低め,フライ,168,375
近畿大学.csv,谷本颯太,左,京大以外,右,得点圏,0,外,ストレート,高め,フライ,315,190
近畿大学.csv,勝田成,左,京大以外,右,得点圏,1,真中,ストレート,低め,ゴロ,528,659
近畿大学.csv,勝田成,左,京大以外,右,得点圏,2,真中,ストレート,真中,フライ,328,691
近畿大学.csv,久保尊,左,京大以外,右,得点圏,0,内,ストレート,低め,ゴロ,312,663
近畿大学.csv,久保尊,左,京大以外,右,得点圏,1,内,ストレート,高め,ゴロ,599,456
京都大学.csv,松本径一郎,右,京大以外,左,得点圏,1,真中,ストレート,真中,ライナー,404,187
京都大学.csv,田中和輝,右,京大以外,左,なし,0,外,チェンジアップ,真中,ゴロ,507,720
京都大学.csv,田中和輝,右,京大以外,左,なし,1,内,ストレート,低め,ゴロ,361,633
京都大学.csv,田中和輝,右,京大以外,左,なし,2,外,チェンジアップ,低め,フライ,521,739
京都大学.csv,近藤俊太朗,左,京大以外,左,なし,2,外,ストレート,真中,ゴロ,221,275
京都大学.csv,山崎慶,左,京大以外,左,得点圏,1,真中,スライダー,真中,フライ,440,214
京都大学.csv,渡辺祥大,右,京大以外,左,なし,0,真中,ストレート,低め,ゴロ,344,705
京都大学.csv,渡辺祥大,右,京大以外,左,なし,1,真中,ストレート,真中,ゴロ,235,422
京都大学.csv,松本径一郎,右,京大以外,左,なし,1,外,ストレート,真中,ライナー,583,665
京都大学.csv,松本径一郎,右,京大以外,左,なし,2,外,スライダー,低め,フライ,413,724
京都大学.csv,松本径一郎,右,京大以外,左,なし,2,内,ストレート,高め,フライ,597,379
京都大学.csv,田中和輝,右,京大以外,左,1塁,1,真中,ストレート,真中,ゴロ,206,278
京都大学.csv,近藤俊太朗,左,京大以外,左,得点圏,1,内,ストレート,高め,フライ,188,694
京都大学.csv,近藤俊太朗,左,京大以外,左,得点圏,2,外,スライダー,低め,ライナー,346,229
京都大学.csv,渡辺祥大,右,京大以外,左,なし,1,真中,スライダー,低め,フライ,395,401
京都大学.csv,松本径一郎,右,京大以外,左,得点圏,0,外,スライダー,低め,ゴロ,205,282
京都大学.csv,田中和輝,右,京大以外,左,得点圏,1,真中,ストレート,低め,ライナー,299,277
京都大学.csv,近藤俊太朗,左,京大以外,右,なし,1,内,ストレート,真中,フライ,497,192
京都大学.csv,藤巻慧秀,左,京大以外,右,なし,1,内,ストレート,真中,フライ,498,195
京都大学.csv,藤巻慧秀,左,京大以外,右,なし,0,内,チェンジアップ,高め,フライ,740,370
京都大学.csv,藤巻慧秀,左,京大以外,右,なし,2,外,チェンジアップ,低め,ライナー,400,333
京都大学.csv,加藤温輝,左,京大以外,右,なし,1,内,チェンジアップ,低め,フライ,705,501
京都大学.csv,松本径一郎,右,京大以外,右,得点圏,2,外,ストレート,真中,フライ,412,722
京都大学.csv,松本径一郎,右,京大以外,右,得点圏,2,真中,スライダー,低め,フライ,121,259
京都大学.csv,神作優志,右,京大以外,右,なし,2,外,ストレート,高め,ライナー,618,695
京都大学.csv,神作優志,右,京大以外,右,なし,2,外,スライダー,高め,ゴロ,214,695
京都大学.csv,神作優志,右,京大以外,右,なし,2,外,スライダー,低め,ゴロ,358,497
京都大学.csv,近藤俊太朗,左,京大以外,右,なし,1,真中,スライダー,高め,フライ,147,476
京都大学.csv,松本径一郎,右,京大以外,右,得点圏,2,外,ストレート,高め,フライ,419,203
京都大学.csv,近藤俊太朗,左,京大以外,右,なし,0,真中,スライダー,低め,フライ,289,715
京都大学.csv,近藤俊太朗,左,京大以外,右,なし,1,内,スライダー,低め,フライ,371,240
京都大学.csv,松本径一郎,右,京大以外,右,なし,1,内,スライダー,真中,フライ,639,516
立命館大学.csv,福井一颯,右,京大,右,得点圏,0,真中,ストレート,低め,フライ,349,111
立命館大学.csv,丸岡優太,右,京大,右,得点圏,0,真中,ストレート,高め,フライ,647,543
立命館大学.csv,丸岡優太,右,京大,右,得点圏,1,真中,ストレート,真中,フライ,554,405
立命館大学.csv,坂下晴翔,左,京大,右,なし,1,内,スライダー,低め,ライナー,308,255
立命館大学.csv,川本大雅,右,京大,右,なし,1,内,チェンジアップ,高め,フライ,478,729
立命館大学.csv,川本大雅,右,京大,右,なし,2,内,チェンジアップ,真中,ゴロ,167,662
立命館大学.csv,西野啓也,右,京大,右,1塁,1,外,ストレート,真中,ゴロ,363,628
立命館大学.csv,西野啓也,右,京大,右,1塁,2,内,チェンジアップ,低め,ゴロ,333,722
立命館大学.csv,西野啓也,右,京大,右,1塁,2,外,チェンジアップ,低め,ゴロ,233,435
立命館大学.csv,坂下晴翔,左,京大,右,得点圏,0,内,スライダー,真中,ライナー,514,296
立命館大学.csv,川端一正,左,京大,右,得点圏,1,外,ストレート,真中,ライナー,280,198
立命館大学.csv,岩間倫太朗,左,京大,右,得点圏,2,外,チェンジアップ,真中,フライ,404,89
立命館大学.csv,築山隆翔,左,京大,右,得点圏,2,内,スライダー,低め,フライ,410,247
立命館大学.csv,丸岡優太,右,京大,右,得点圏,1,真中,ストレート,真中,フライ,1,429
立命館大学.csv,川本大雅,右,京大,右,得点圏,1,真中,ストレート,低め,ゴロ,135,569
立命館大学.csv,西野啓也,右,京大,右,なし,0,外,ストレート,真中,ライナー,510,736
立命館大学.csv,西野啓也,右,京大,右,なし,2,外,ストレート,高め,フライ,417,727
立命館大学.csv,西野啓也,右,京大,右,なし,2,外,ストレート,低め,フライ,464,220
立命館大学.csv,西野啓也,右,京大,右,なし,2,外,カットボール,高め,フライ,536,706
立命館大学.csv,西野啓也,右,京大,右,なし,2,真中,カットボール,高め,フライ,719,520
立命館大学.csv,坂下晴翔,左,京大,右,得点圏,0,内,カットボール,低め,ゴロ,548,479
立命館大学.csv,坂下晴翔,左,京大,右,得点圏,1,内,カットボール,高め,フライ,199,291
立命館大学.csv,川端一正,左,京大,右,得点圏,1,内,カットボール,低め,ゴロ,534,483
立命館大学.csv,川端一正,左,京大,右,得点圏,2,内,フォーク,低め,ゴロ,430,367
立命館大学.csv,岩間倫太朗,左,京大,右,なし,0,外,フォーク,低め,ゴロ,488,362
立命館大学.csv,築山隆翔,左,京大,右,なし,1,真中,フォーク,真中,フライ,281,147
立命館大学.csv,丸岡優太,右,京大,右,なし,1,真中,ストレート,低め,フライ,385,531
立命館大学.csv,川本大雅,右,京大,右,なし,1,真中,ストレート,真中,フライ,370,724
立命館大学.csv,西野啓也,右,京大,右,なし,0,真中,ストレート,高め,フライ,592,436
立命館大学.csv,坂下晴翔,左,京大,右,なし,0,内,ストレート,高め,フライ,156,188
立命館大学.csv,川端一正,左,京大,右,なし,2,内,チェンジアップ,低め,フライ,119,361
立命館大学.csv,岩間倫太朗,左,京大,右,得点圏,1,真中,カーブ,低め,フライ,79,674
立命館大学.csv,築山隆翔,左,京大,右,得点圏,1,真中,チェンジアップ,真中,ライナー,297,221
関西学院大学.csv,高嶋奨哉,右,京大,右,得点圏,0,真中,スライダー,真中,ゴロ,457,349
関西学院大学.csv,永仮晃大,左,京大,右,得点圏,1,真中,ストレート,真中,ゴロ,358,423
関西学院大学.csv,北田克海,右,京大,右,なし,0,内,ストレート,高め,ライナー,433,739
関西学院大学.csv,北田克海,右,京大,右,なし,1,外,ストレート,高め,ゴロ,442,337
関西学院大学.csv,畠山英士,右,京大,右,なし,0,内,ストレート,高め,フライ,560,320
関西学院大学.csv,中川将心,右,京大,右,得点圏,1,内,ストレート,高め,フライ,236,182
関西学院大学.csv,深田元貴,左,京大,右,得点圏,1,真中,ストレート,高め,ライナー,49,502
関西学院大学.csv,深田元貴,左,京大,右,得点圏,2,内,ストレート,高め,ゴロ,494,435
京都大学.csv,松本径一郎,右,京大以外,左,なし,2,内,ストレート,高め,ライナー,421,725
京都大学.csv,松本径一郎,右,京大以外,左,なし,2,真中,スライダー,真中,ライナー,40,468
京都大学.csv,松本径一郎,右,京大以外,左,なし,2,真中,ストレート,真中,フライ,405,236
京都大学.csv,近藤俊太朗,左,京大以外,左,なし,2,真中,スライダー,真中,ゴロ,400,333
関西学院大学.csv,渡部遥斗,左,京大,右,なし,0,真中,スライダー,真中,ライナー,96,646
関西学院大学.csv,渡部遥斗,左,京大,右,なし,2,真中,ストレート,高め,ゴロ,313,354
関西学院大学.csv,高嶋奨哉,右,京大,右,なし,0,真中,ストレート,高め,ライナー,545,740
関西学院大学.csv,高嶋奨哉,右,京大,右,なし,1,内,ストレート,真中,フライ,405,200
関西学院大学.csv,福谷宇楽,右,京大,右,なし,0,外,ストレート,真中,ゴロ,401,321
京都大学.csv,渡辺祥大,右,京大以外,左,なし,1,真中,ストレート,高め,ライナー,427,710
京都大学.csv,渡辺祥大,右,京大以外,左,なし,2,内,ストレート,低め,ゴロ,136,475
京都大学.csv,渡辺祥大,右,京大以外,左,なし,2,真中,ストレート,高め,ゴロ,186,460
京都大学.csv,渡辺祥大,右,京大以外,左,なし,2,外,ストレート,高め,ライナー,432,728
京都大学.csv,渡辺祥大,右,京大以外,左,なし,2,内,スライダー,低め,フライ,109,230
関西学院大学.csv,永仮晃大,左,京大,右,なし,2,内,ストレート,高め,ゴロ,416,325
関西学院大学.csv,北田克海,右,京大,右,なし,1,内,スライダー,真中,フライ,369,159
関西学院大学.csv,畠山英士,右,京大,右,なし,1,真中,チェンジアップ,低め,ゴロ,133,626
関西学院大学.csv,畠山英士,右,京大,右,なし,2,外,ストレート,真中,ゴロ,369,225
関西学院大学.csv,中川将心,右,京大,右,なし,0,真中,ストレート,低め,ライナー,655,315
関西学院大学.csv,渡部遥斗,左,京大,右,得点圏,0,内,スライダー,真中,ゴロ,549,645
関西学院大学.csv,渡部遥斗,左,京大,右,得点圏,1,外,スライダー,低め,ゴロ,557,328
関西学院大学.csv,高嶋奨哉,右,京大,右,得点圏,1,内,スライダー,真中,ゴロ,210,294
関西学院大学.csv,福谷宇楽,右,京大,右,得点圏,1,内,ストレート,真中,フライ,281,157
関西学院大学.csv,山本晃也,左,京大,右,得点圏,0,外,スライダー,真中,フライ,237,163
京都大学.csv,松本径一郎,右,京大以外,左,なし,0,真中,ストレート,低め,フライ,433,686
京都大学.csv,松本径一郎,右,京大以外,左,なし,2,外,フォーク,高め,ゴロ,369,643
京都大学.csv,松本径一郎,右,京大以外,左,なし,2,真中,フォーク,真中,ゴロ,238,384
京都大学.csv,近藤俊太朗,左,京大以外,左,1塁,0,真中,ストレート,高め,ゴロ,368,500
関西学院大学.csv,深田元貴,左,京大,右,得点圏,0,内,スライダー,真中,ゴロ,606,554
関西学院大学.csv,深田元貴,左,京大,右,得点圏,1,真中,スライダー,真中,ゴロ,468,366
京都大学.csv,田澤叶羽,左,京大以外,左,なし,1,外,スライダー,真中,ゴロ,490,452
京都大学.csv,渡辺祥大,右,京大以外,左,なし,2,真中,ストレート,高め,ゴロ,467,407
関西学院大学.csv,渡部遥斗,左,京大,右,なし,0,外,ストレート,高め,フライ,18,395
関西学院大学.csv,渡部遥斗,左,京大,右,なし,2,内,スライダー,高め,ライナー,325,702
関西学院大学.csv,渡部遥斗,左,京大,右,なし,2,真中,ストレート,低め,ライナー,62,502
関西学院大学.csv,福谷宇楽,右,京大,右,得点圏,1,真中,スライダー,真中,フライ,238,215
関西学院大学.csv,宮原大和,左,京大,右,得点圏,0,外,ストレート,真中,フライ,109,254
関西学院大学.csv,畠山英士,右,京大,右,得点圏,1,真中,ストレート,真中,フライ,604,548
関西学院大学.csv,畠山英士,右,京大,右,得点圏,2,内,ストレート,高め,フライ,267,360
関西学院大学.csv,角野健士,左,京大,右,なし,2,外,ストレート,真中,ゴロ,317,331
関西学院大学.csv,中川将心,右,京大,右,なし,1,真中,ストレート,低め,ライナー,502,694
関西学院大学.csv,中川将心,右,京大,右,なし,2,真中,スライダー,低め,フライ,395,170
関西学院大学.csv,黒田颯大,右,京大,右,なし,1,内,カーブ,高め,フライ,20,406
関西学院大学.csv,黒田颯大,右,京大,右,なし,2,外,ストレート,高め,フライ,530,690
関西学院大学.csv,渡部遥斗,左,京大,右,なし,0,真中,ストレート,真中,ライナー,354,219
関西学院大学.csv,原正宗,右,京大,右,1塁,1,外,ストレート,真中,ライナー,542,667
関西学院大学.csv,原正宗,右,京大,右,1塁,2,内,スライダー,真中,ゴロ,122,475
関西学院大学.csv,福谷宇楽,右,京大,右,得点圏,0,外,チェンジアップ,低め,フライ,347,187
京都大学.csv,松本径一郎,右,京大以外,右,なし,0,内,ストレート,高め,フライ,470,692
京都大学.csv,近藤俊太朗,左,京大以外,右,得点圏,0,内,ストレート,真中,ゴロ,256,443
関西学院大学.csv,山本晃也,左,京大,右,なし,1,内,カーブ,高め,ゴロ,582,459
関西学院大学.csv,宮原大和,左,京大,右,1塁,1,内,ストレート,真中,ゴロ,562,306
関西学院大学.csv,畠山英士,右,京大,右,得点圏,1,真中,ストレート,高め,フライ,132,281
関西学院大学.csv,高山隼,左,京大,右,得点圏,2,真中,ストレート,真中,ゴロ,375,227
関西学院大学.csv,小林舜,左,京大,右,得点圏,1,真中,ストレート,真中,ゴロ,439,355
関西学院大学.csv,渡部遥斗,左,京大,右,得点圏,0,内,スライダー,真中,ゴロ,568,601
関西学院大学.csv,渡部遥斗,左,京大,右,得点圏,1,内,スライダー,真中,フライ,386,161
関西学院大学.csv,原正宗,右,京大,右,得点圏,0,真中,ストレート,低め,ライナー,528,629
関西学院大学.csv,福谷宇楽,右,京大,右,得点圏,0,内,スライダー,真中,フライ,387,162
京都大学.csv,藤巻慧秀,左,京大以外,右,1塁,1,外,ストレート,真中,ゴロ,314,418
関西大学.csv,渡邊貫太,左,京大以外,右,なし,0,内,ストレート,高め,ゴロ,320,342
関西大学.csv,余河航太,左,京大以外,右,なし,0,外,ストレート,真中,ゴロ,327,663
関西大学.csv,余河航太,左,京大以外,右,なし,2,内,ストレート,真中,ゴロ,335,255
関西大学.csv,小谷太誠,左,京大以外,右,1塁,1,内,ストレート,高め,ゴロ,233,277
関西大学.csv,下井田悠人,左,京大以外,右,得点圏,0,外,チェンジアップ,真中,ゴロ,501,361
関西大学.csv,中村莞爾,左,京大以外,右,得点圏,0,真中,スライダー,真中,フライ,200,642
関西大学.csv,中村莞爾,左,京大以外,右,得点圏,1,内,スライダー,低め,フライ,73,485
関西大学.csv,中村莞爾,左,京大以外,右,得点圏,2,真中,ストレート,高め,フライ,85,375
近畿大学.csv,勝田成,左,京大以外,右,1塁,1,内,チェンジアップ,真中,ゴロ,519,426
近畿大学.csv,野間翔一郎,左,京大以外,右,得点圏,0,内,スライダー,低め,ゴロ,521,415
近畿大学.csv,阪上翔也,左,京大以外,右,得点圏,2,内,ストレート,真中,フライ,149,577
近畿大学.csv,阪上翔也,左,京大以外,右,得点圏,2,真中,スライダー,高め,ゴロ,610,493
近畿大学.csv,阪上翔也,左,京大以外,右,得点圏,2,内,ストレート,高め,ライナー,361,691
近畿大学.csv,阪上翔也,左,京大以外,右,得点圏,2,内,スライダー,低め,フライ,701,502
関西大学.csv,金森洸喜,左,京大以外,右,なし,0,真中,ストレート,高め,ゴロ,359,335
近畿大学.csv,三木太介,右,京大以外,右,なし,1,真中,チェンジアップ,高め,ゴロ,267,423
近畿大学.csv,米崎薫暉,右,京大以外,右,1塁,2,内,ストレート,真中,ゴロ,308,398
近畿大学.csv,岸本紘一,右,京大以外,右,得点圏,0,外,スライダー,低め,ゴロ,237,428
関西大学.csv,渡邊貫太,左,京大以外,右,なし,1,内,スライダー,真中,ゴロ,621,481
関西大学.csv,余河航太,左,京大以外,右,なし,1,外,ストレート,高め,ライナー,343,687
関西大学.csv,余河航太,左,京大以外,右,なし,2,真中,ストレート,高め,フライ,32,353
関西大学.csv,小谷太誠,左,京大以外,右,なし,1,真中,ストレート,低め,ゴロ,509,421
近畿大学.csv,谷本颯太,左,京大以外,右,なし,1,内,スライダー,高め,ゴロ,324,335
近畿大学.csv,勝田成,左,京大以外,右,なし,2,外,チェンジアップ,低め,ゴロ,379,486
関西大学.csv,下井田悠人,左,京大以外,右,なし,1,真中,スライダー,低め,ゴロ,424,355
関西大学.csv,中村莞爾,左,京大以外,右,なし,0,内,ストレート,高め,ゴロ,554,599
関西大学.csv,中村莞爾,左,京大以外,右,なし,1,真中,ストレート,高め,フライ,332,125
関西大学.csv,金森洸喜,左,京大以外,右,なし,1,真中,ストレート,高め,ゴロ,371,493
近畿大学.csv,阪上翔也,左,京大以外,右,1塁,0,内,ストレート,真中,ライナー,495,259
近畿大学.csv,三木太介,右,京大以外,右,得点圏,0,内,ストレート,高め,フライ,545,480
近畿大学.csv,八幡大介,右,京大以外,右,得点圏,2,真中,ストレート,真中,ライナー,397,410
近畿大学.csv,米崎薫暉,右,京大以外,右,得点圏,1,真中,ストレート,低め,ライナー,571,308
近畿大学.csv,岸本紘一,右,京大以外,右,得点圏,2,外,ストレート,真中,ゴロ,513,377
関西大学.csv,小村和大,右,京大以外,右,なし,0,外,ストレート,高め,ゴロ,263,428
関西大学.csv,井上大志,左,京大以外,右,なし,1,真中,ストレート,真中,ゴロ,408,689
近畿大学.csv,谷本颯太,左,京大以外,右,得点圏,2,真中,フォーク,低め,ライナー,516,261
近畿大学.csv,勝田成,左,京大以外,右,得点圏,0,真中,ストレート,真中,ライナー,571,339
近畿大学.csv,野間翔一郎,左,京大以外,右,得点圏,1,真中,スライダー,低め,ゴロ,503,401
近畿大学.csv,三木太介,右,京大以外,右,得点圏,1,外,ストレート,低め,ゴロ,591,572
近畿大学.csv,三木太介,右,京大以外,右,得点圏,2,外,スライダー,真中,ライナー,402,265
近畿大学.csv,米崎薫暉,右,京大以外,右,得点圏,2,真中,ストレート,真中,ライナー,658,527
近畿大学.csv,米崎薫暉,右,京大以外,右,得点圏,2,真中,スライダー,高め,フライ,625,565
関西大学.csv,渡邊貫太,左,京大以外,右,なし,0,真中,ストレート,高め,フライ,163,587
関西大学.csv,渡邊貫太,左,京大以外,右,なし,2,真中,ストレート,真中,ゴロ,391,543
近畿大学.csv,岸本紘一,右,京大以外,右,得点圏,0,真中,ストレート,高め,ゴロ,242,402
関西大学.csv,小谷太誠,左,京大以外,右,1塁,0,内,ストレート,真中,ゴロ,497,442
近畿大学.csv,谷本颯太,左,京大以外,右,なし,1,内,ストレート,高め,ライナー,221,669
近畿大学.csv,谷本颯太,左,京大以外,右,なし,2,外,ストレート,高め,フライ,51,501
近畿大学.csv,谷本颯太,左,京大以外,右,なし,2,真中,チェンジアップ,低め,ゴロ,516,428
関西大学.csv,下井田悠人,左,京大以外,右,なし,0,内,ストレート,高め,ゴロ,502,415
関西大学.csv,中村莞爾,左,京大以外,右,なし,0,真中,ストレート,高め,ゴロ,482,405
関西大学.csv,金森洸喜,左,京大以外,右,なし,1,真中,ストレート,真中,ライナー,532,293
関西大学.csv,山田悠平,右,京大以外,右,1塁,1,外,スライダー,低め,ゴロ,332,665
関西大学.csv,山田悠平,右,京大以外,右,1塁,2,外,スライダー,低め,ゴロ,315,333
近畿大学.csv,阪上翔也,左,京大以外,右,1塁,0,内,ストレート,真中,ゴロ,628,515
近畿大学.csv,阪上翔也,左,京大以外,右,1塁,2,真中,ストレート,真中,フライ,189,509
近畿大学.csv,三木太介,右,京大以外,右,なし,1,外,ストレート,低め,フライ,633,546
関西大学.csv,笠井康生,左,京大以外,右,なし,2,外,チェンジアップ,真中,ゴロ,327,331
関西大学.csv,山本峻輔,左,京大以外,右,なし,1,真中,ストレート,低め,フライ,403,97
関西大学.csv,余河航太,左,京大以外,右,1塁,0,真中,ストレート,真中,ライナー,293,357
立命館大学.csv,築山隆翔,左,京大以外,左,なし,2,真中,ストレート,真中,ゴロ,462,352
立命館大学.csv,川端一正,左,京大以外,左,なし,0,内,ストレート,低め,ライナー,156,695
立命館大学.csv,川端一正,左,京大以外,左,なし,1,外,ストレート,高め,フライ,247,743
立命館大学.csv,川端一正,左,京大以外,左,なし,2,外,ストレート,真中,ライナー,168,689
立命館大学.csv,川端一正,左,京大以外,左,なし,2,真中,ストレート,低め,フライ,13,369
立命館大学.csv,川端一正,左,京大以外,左,なし,2,真中,ストレート,高め,フライ,299,184
立命館大学.csv,岩間倫太朗,左,京大以外,左,なし,1,外,スライダー,低め,ゴロ,345,334
関西大学.csv,森内大奈,右,京大以外,左,なし,1,真中,ストレート,真中,フライ,574,354
関西大学.csv,渡邊貫太,左,京大以外,左,なし,0,真中,ストレート,真中,ゴロ,418,330
立命館大学.csv,星野大和,右,京大以外,左,なし,1,真中,スライダー,低め,ゴロ,165,681
立命館大学.csv,福井一颯,右,京大以外,左,なし,1,外,フォーク,低め,ゴロ,239,425
立命館大学.csv,丸岡優太,右,京大以外,左,なし,0,外,カーブ,真中,ゴロ,346,316
立命館大学.csv,田中隼人,右,京大以外,左,得点圏,1,外,ストレート,高め,ライナー,404,727
関西大学.csv,山田悠平,右,京大以外,左,なし,0,外,ストレート,真中,ゴロ,376,487
関西大学.csv,笠井康生,左,京大以外,左,なし,1,内,スライダー,高め,ゴロ,376,633
関西大学.csv,鹿熊大誠,右,京大以外,左,なし,1,外,フォーク,低め,ゴロ,572,491
関西大学.csv,鹿熊大誠,右,京大以外,左,なし,2,内,ストレート,高め,フライ,680,448
関西大学.csv,鹿熊大誠,右,京大以外,左,なし,2,外,フォーク,真中,ゴロ,529,436
立命館大学.csv,加藤優翔,右,京大以外,左,なし,0,真中,ストレート,真中,フライ,410,722
立命館大学.csv,加藤優翔,右,京大以外,左,なし,2,真中,ストレート,高め,フライ,310,610
立命館大学.csv,築山隆翔,左,京大以外,左,なし,0,真中,ストレート,低め,ライナー,142,691
立命館大学.csv,築山隆翔,左,京大以外,左,なし,1,真中,ストレート,高め,ライナー,303,722
立命館大学.csv,築山隆翔,左,京大以外,左,なし,2,内,ストレート,低め,フライ,300,743
立命館大学.csv,築山隆翔,左,京大以外,左,なし,2,真中,ストレート,低め,ゴロ,456,348
関西大学.csv,小谷太誠,左,京大以外,左,なし,0,真中,スライダー,高め,ゴロ,559,435
関西大学.csv,森内大奈,右,京大以外,左,なし,0,外,フォーク,低め,ゴロ,368,468
立命館大学.csv,川端一正,左,京大以外,左,なし,1,真中,ストレート,真中,ライナー,295,347
立命館大学.csv,岩間倫太朗,左,京大以外,左,なし,1,真中,ストレート,高め,ゴロ,6,657
立命館大学.csv,岩間倫太朗,左,京大以外,左,なし,1,外,スライダー,低め,ゴロ,457,332
立命館大学.csv,星野大和,右,京大以外,左,なし,1,真中,スライダー,真中,ゴロ,257,445
関西大学.csv,渡邊貫太,左,京大以外,左,なし,2,外,ストレート,真中,フライ,14,375
関西大学.csv,下井田悠人,左,京大以外,左,なし,1,真中,フォーク,高め,フライ,125,691
関西大学.csv,下井田悠人,左,京大以外,左,なし,2,外,スライダー,低め,ゴロ,405,346
関西大学.csv,山田悠平,右,京大以外,左,1塁,0,外,フォーク,低め,ゴロ,361,330
関西大学.csv,笠井康生,左,京大以外,左,得点圏,0,内,スライダー,高め,ゴロ,206,665
関西大学.csv,笠井康生,左,京大以外,左,得点圏,1,真中,ストレート,真中,ゴロ,376,503
関西大学.csv,鹿熊大誠,右,京大以外,左,得点圏,0,真中,ストレート,真中,ライナー,456,725
関西大学.csv,鹿熊大誠,右,京大以外,左,得点圏,1,内,ストレート,真中,フライ,442,736
関西大学.csv,鹿熊大誠,右,京大以外,左,得点圏,2,外,ストレート,高め,ライナー,667,574
同志社大学.csv,齊藤佑征,左,京大以外,右,なし,0,真中,ストレート,低め,フライ,309,726
同志社大学.csv,中田爽太,左,京大以外,右,得点圏,1,真中,ストレート,真中,フライ,301,701
同志社大学.csv,中田爽太,左,京大以外,右,得点圏,2,真中,ストレート,真中,ライナー,373,505
同志社大学.csv,寺田賢生,左,京大以外,右,得点圏,0,真中,スライダー,低め,ゴロ,537,573
同志社大学.csv,寺田賢生,左,京大以外,右,得点圏,2,真中,ストレート,真中,ライナー,651,290
同志社大学.csv,大井海音,左,京大以外,左,1塁,1,真中,ストレート,高め,ライナー,88,527
同志社大学.csv,大井海音,左,京大以外,左,1塁,2,外,スライダー,高め,ゴロ,296,371
同志社大学.csv,堀内太陽,右,京大以外,左,1塁,1,外,ストレート,低め,ライナー,513,270
同志社大学.csv,牧原優太,左,京大以外,左,得点圏,0,外,スライダー,低め,フライ,55,363
同志社大学.csv,牧原優太,左,京大以外,左,得点圏,1,真中,スライダー,低め,ライナー,211,269
同志社大学.csv,知念大河,右,京大以外,左,得点圏,0,外,チェンジアップ,真中,ライナー,176,323
近畿大学.csv,小林青空,左,京大以外,右,なし,1,内,ストレート,高め,ゴロ,268,640
近畿大学.csv,小林青空,左,京大以外,右,なし,2,内,チェンジアップ,真中,ゴロ,589,559
近畿大学.csv,小林青空,左,京大以外,右,なし,2,外,スライダー,低め,ゴロ,462,461
近畿大学.csv,谷本颯太,左,京大以外,右,なし,0,真中,ストレート,高め,ライナー,278,718
近畿大学.csv,谷本颯太,左,京大以外,右,なし,1,真中,ストレート,真中,フライ,373,167
近畿大学.csv,久保尊,左,京大以外,右,1塁,0,真中,ストレート,高め,フライ,579,263
同志社大学.csv,北田陸斗,左,京大以外,右,なし,0,真中,ストレート,真中,ゴロ,484,634
同志社大学.csv,北田陸斗,左,京大以外,右,なし,1,真中,スライダー,低め,ライナー,246,263
同志社大学.csv,齊藤佑征,左,京大以外,右,1塁,2,真中,スライダー,低め,ゴロ,489,628
同志社大学.csv,齊藤佑征,左,京大以外,右,1塁,2,外,スライダー,真中,ゴロ,497,584
同志社大学.csv,齊藤佑征,左,京大以外,右,1塁,2,外,ストレート,真中,ゴロ,328,358
同志社大学.csv,辻井心,右,京大以外,右,なし,0,外,ストレート,低め,ゴロ,427,329
近畿大学.csv,三木太介,右,京大以外,右,なし,0,外,ストレート,真中,フライ,730,420
近畿大学.csv,三木太介,右,京大以外,右,なし,1,外,チェンジアップ,真中,ゴロ,334,330
近畿大学.csv,伊藤愛都,左,京大以外,右,なし,1,真中,チェンジアップ,真中,フライ,520,177
近畿大学.csv,阪上翔也,左,京大以外,右,なし,2,外,チェンジアップ,真中,ライナー,426,223
同志社大学.csv,中田爽太,左,京大以外,右,なし,1,真中,ストレート,真中,ゴロ,334,327
同志社大学.csv,大井海音,左,京大以外,右,なし,0,内,ストレート,高め,ライナー,97,490
同志社大学.csv,大井海音,左,京大以外,右,なし,2,内,ストレート,真中,ゴロ,337,318
近畿大学.csv,永井士航,左,京大以外,右,なし,1,真中,ストレート,真中,フライ,15,387
近畿大学.csv,永井士航,左,京大以外,右,なし,2,真中,ストレート,低め,フライ,292,726
近畿大学.csv,永井士航,左,京大以外,右,なし,2,真中,ストレート,真中,ライナー,301,705
近畿大学.csv,永井士航,左,京大以外,右,なし,2,真中,ストレート,真中,フライ,90,606
近畿大学.csv,永井士航,左,京大以外,右,なし,2,内,ストレート,低め,ゴロ,458,334
近畿大学.csv,菅真大,左,京大以外,右,なし,0,真中,ストレート,真中,ライナー,462,340
同志社大学.csv,堀内太陽,右,京大以外,左,なし,0,真中,チェンジアップ,低め,ゴロ,19,355
同志社大学.csv,知念大河,右,京大以外,左,1塁,2,外,ストレート,低め,ゴロ,401,696
同志社大学.csv,中森暁大,右,京大以外,左,1塁,2,外,ストレート,真中,フライ,511,274
近畿大学.csv,谷本颯太,左,京大以外,右,なし,1,外,ストレート,低め,ゴロ,448,341
近畿大学.csv,勝田成,左,京大以外,右,なし,0,真中,ストレート,真中,フライ,20,396
近畿大学.csv,勝田成,左,京大以外,右,なし,1,真中,ストレート,真中,ゴロ,187,482
近畿大学.csv,勝田成,左,京大以外,右,なし,2,真中,ストレート,高め,ライナー,30,438
近畿大学.csv,勝田成,左,京大以外,右,なし,2,外,ストレート,高め,ゴロ,173,640
近畿大学.csv,勝田成,左,京大以外,右,なし,2,外,ストレート,真中,ライナー,234,712
近畿大学.csv,三木太介,右,京大以外,右,1塁,1,外,ストレート,真中,フライ,462,737
近畿大学.csv,大西賢作,左,京大以外,右,得点圏,2,真中,スライダー,低め,フライ,167,646
近畿大学.csv,大西賢作,左,京大以外,右,得点圏,2,外,スライダー,低め,ライナー,174,295
関西大学.csv,渡邊貫太,左,京大以外,左,なし,0,真中,ストレート,低め,ゴロ,570,303
関西大学.csv,余河航太,左,京大以外,左,1塁,0,内,ストレート,低め,ゴロ,424,368
関西大学.csv,小谷太誠,左,京大以外,左,なし,1,内,カーブ,低め,ゴロ,628,490
近畿大学.csv,谷本颯太,左,京大以外,右,なし,1,外,ストレート,低め,ゴロ,407,526
近畿大学.csv,勝田成,左,京大以外,右,なし,2,内,ストレート,真中,ゴロ,543,437
近畿大学.csv,久保尊,左,京大以外,右,なし,0,内,スライダー,真中,フライ,330,743
近畿大学.csv,久保尊,左,京大以外,右,なし,2,内,フォーク,低め,ゴロ,370,665
関西大学.csv,下井田悠人,左,京大以外,左,なし,1,内,ストレート,高め,ライナー,288,231
関西大学.csv,中村莞爾,左,京大以外,左,得点圏,2,内,ストレート,高め,ゴロ,310,344
関西大学.csv,金森洸喜,左,京大以外,左,得点圏,0,内,ストレート,高め,フライ,330,728
関西大学.csv,金森洸喜,左,京大以外,左,得点圏,1,内,ストレート,高め,フライ,537,300
関西大学.csv,宮本青空,左,京大以外,左,得点圏,0,真中,ストレート,真中,ゴロ,570,296
関西大学.csv,小村和大,右,京大以外,左,得点圏,1,真中,ストレート,低め,ゴロ,473,349
近畿大学.csv,阪上翔也,左,京大以外,右,なし,0,内,スライダー,低め,ゴロ,276,454
近畿大学.csv,三木太介,右,京大以外,右,なし,0,真中,ストレート,高め,ゴロ,232,421
近畿大学.csv,山ｱ帆大,右,京大以外,右,なし,1,外,ストレート,高め,ゴロ,470,546
関西大学.csv,渡邊貫太,左,京大以外,右,1塁,0,外,ストレート,真中,ライナー,8,368
関西大学.csv,渡邊貫太,左,京大以外,右,1塁,2,真中,スライダー,低め,フライ,531,186
関西大学.csv,余河航太,左,京大以外,右,1塁,0,真中,ストレート,高め,フライ,310,739
関西大学.csv,余河航太,左,京大以外,右,1塁,2,真中,スライダー,高め,ゴロ,165,643
関西大学.csv,余河航太,左,京大以外,右,1塁,2,外,ストレート,高め,ゴロ,427,355
近畿大学.csv,谷本颯太,左,京大以外,左,なし,1,内,フォーク,真中,ゴロ,272,354
近畿大学.csv,勝田成,左,京大以外,左,なし,0,外,ストレート,高め,ライナー,323,713
近畿大学.csv,勝田成,左,京大以外,左,なし,1,真中,ストレート,高め,フライ,245,199
近畿大学.csv,野間翔一郎,左,京大以外,左,なし,1,内,フォーク,真中,ライナー,362,243
近畿大学.csv,阪上翔也,左,京大以外,左,得点圏,2,真中,フォーク,真中,ゴロ,583,472
近畿大学.csv,阪上翔也,左,京大以外,左,得点圏,2,外,ストレート,高め,ライナー,148,647
近畿大学.csv,阪上翔也,左,京大以外,左,得点圏,2,外,スライダー,低め,ゴロ,462,345
関西大学.csv,渡邊貫太,左,京大以外,左,なし,0,内,ストレート,低め,ゴロ,612,629
関西大学.csv,渡邊貫太,左,京大以外,左,なし,0,真中,ストレート,真中,ゴロ,256,425
関西大学.csv,余河航太,左,京大以外,左,なし,2,内,ストレート,真中,ゴロ,291,403
関西大学.csv,小谷太誠,左,京大以外,左,なし,0,真中,カーブ,真中,ゴロ,511,422
近畿大学.csv,三木太介,右,京大以外,左,なし,0,真中,スライダー,真中,ゴロ,404,335
近畿大学.csv,米崎薫暉,右,京大以外,左,なし,1,真中,ストレート,高め,フライ,502,281
関西大学.csv,中村莞爾,左,京大以外,左,なし,1,真中,ストレート,真中,ゴロ,299,346
関西大学.csv,宮本青空,左,京大以外,左,なし,1,真中,ストレート,高め,フライ,107,606
関西大学.csv,宮本青空,左,京大以外,左,なし,2,真中,ストレート,真中,ゴロ,478,352
関西大学.csv,小村和大,右,京大以外,左,なし,0,内,ストレート,真中,ライナー,96,550
関西大学.csv,小村和大,右,京大以外,左,なし,1,真中,ストレート,高め,フライ,727,294
近畿大学.csv,勝田成,左,京大以外,左,なし,2,真中,スライダー,真中,ライナー,75,344
近畿大学.csv,勝田成,左,京大以外,左,なし,2,真中,ストレート,高め,ライナー,109,313
近畿大学.csv,阪上翔也,左,京大以外,左,得点圏,0,真中,スライダー,高め,フライ,642,180
近畿大学.csv,三木太介,右,京大以外,左,得点圏,1,内,スライダー,真中,ライナー,462,238
近畿大学.csv,谷本颯太,左,京大以外,左,得点圏,0,内,ストレート,真中,ゴロ,547,284
近畿大学.csv,勝田成,左,京大以外,左,得点圏,2,外,ストレート,真中,フライ,88,504
近畿大学.csv,勝田成,左,京大以外,左,得点圏,2,外,スライダー,高め,ゴロ,354,500
関西大学.csv,余河航太,左,京大以外,左,なし,0,内,ストレート,低め,ゴロ,374,651
関西大学.csv,余河航太,左,京大以外,左,なし,0,内,ストレート,低め,ゴロ,476,347
近畿大学.csv,野間翔一郎,左,京大以外,左,なし,1,内,ストレート,真中,ライナー,525,427
近畿大学.csv,阪上翔也,左,京大以外,左,なし,1,真中,スライダー,低め,ライナー,439,122
近畿大学.csv,三木太介,右,京大以外,左,得点圏,0,真中,ストレート,真中,ライナー,4,293
近畿大学.csv,三木太介,右,京大以外,左,得点圏,1,外,フォーク,真中,ゴロ,459,356
近畿大学.csv,米崎薫暉,右,京大以外,左,得点圏,1,真中,ストレート,低め,ゴロ,225,285
近畿大学.csv,八幡大介,左,京大以外,左,得点圏,2,内,スライダー,低め,ライナー,185,699
関西大学.csv,下井田悠人,左,京大以外,左,なし,1,外,ストレート,真中,ライナー,101,537
関西大学.csv,中村莞爾,左,京大以外,左,なし,1,内,ストレート,高め,フライ,353,249
関西大学.csv,金森洸喜,左,京大以外,左,なし,0,外,ストレート,高め,ゴロ,343,318
近畿大学.csv,岸本紘一,右,京大以外,左,なし,1,真中,ストレート,高め,フライ,450,331
近畿大学.csv,谷本颯太,左,京大以外,左,1塁,1,真中,ストレート,真中,ゴロ,418,237
近畿大学.csv,勝田成,左,京大以外,左,得点圏,0,真中,スライダー,真中,ライナー,724,421
近畿大学.csv,勝田成,左,京大以外,左,得点圏,1,内,フォーク,高め,ゴロ,647,549
近畿大学.csv,勝田成,左,京大以外,左,得点圏,2,真中,スライダー,高め,フライ,99,540
近畿大学.csv,勝田成,左,京大以外,左,得点圏,2,真中,フォーク,真中,ゴロ,604,644
近畿大学.csv,勝田成,左,京大以外,左,得点圏,2,内,ストレート,高め,ゴロ,556,452
近畿大学.csv,勝田成,左,京大以外,左,得点圏,2,内,フォーク,低め,ゴロ,615,591
近畿大学.csv,勝田成,左,京大以外,左,得点圏,2,内,ストレート,真中,フライ,623,187
関西大学.csv,宮本青空,左,京大以外,左,なし,1,真中,ストレート,高め,フライ,21,390
関西大学.csv,小村和大,右,京大以外,左,なし,2,真中,ストレート,低め,ゴロ,197,650
関西大学.csv,小村和大,右,京大以外,左,なし,2,真中,ストレート,真中,フライ,480,174
関西大学.csv,鹿熊大誠,右,京大以外,左,なし,2,真中,ストレート,真中,フライ,400,114
近畿大学.csv,阪上翔也,左,京大以外,右,なし,1,外,ストレート,高め,フライ,6,350
近畿大学.csv,八幡大介,左,京大以外,右,得点圏,1,内,ストレート,高め,ゴロ,497,469
近畿大学.csv,谷本颯太,左,京大以外,右,なし,1,真中,ストレート,低め,ライナー,520,271
近畿大学.csv,勝田成,左,京大以外,右,なし,2,外,ストレート,低め,フライ,242,152
近畿大学.csv,久保尊,左,京大以外,右,得点圏,2,内,スライダー,真中,フライ,362,162
近畿大学.csv,三木太介,右,京大以外,右,得点圏,2,真中,ストレート,真中,ゴロ,300,350
同志社大学.csv,牧原優太,左,京大以外,右,得点圏,0,外,ストレート,高め,ゴロ,454,343
近畿大学.csv,伊藤愛都,左,京大以外,右,なし,0,外,スライダー,真中,ライナー,241,710
近畿大学.csv,伊藤愛都,左,京大以外,右,なし,1,外,スライダー,高め,フライ,197,232
近畿大学.csv,阪上翔也,左,京大以外,右,なし,0,真中,スライダー,高め,ゴロ,553,295
近畿大学.csv,永井士航,左,京大以外,右,得点圏,1,外,スライダー,真中,ライナー,280,161
近畿大学.csv,田村好誠,右,京大以外,右,得点圏,0,真中,スライダー,真中,フライ,375,516
同志社大学.csv,北田陸斗,左,京大以外,右,なし,0,外,ストレート,真中,ライナー,132,665
同志社大学.csv,北田陸斗,左,京大以外,右,なし,2,外,ストレート,真中,ライナー,147,666
同志社大学.csv,北田陸斗,左,京大以外,右,なし,2,外,スライダー,真中,ゴロ,237,645
同志社大学.csv,辻井心,右,京大以外,右,1塁,2,真中,ストレート,低め,ライナー,592,520
同志社大学.csv,辻井心,右,京大以外,右,1塁,2,内,ストレート,高め,フライ,374,734
同志社大学.csv,辻井心,右,京大以外,右,1塁,2,外,スライダー,真中,フライ,726,384
同志社大学.csv,辻井心,右,京大以外,右,1塁,2,内,ストレート,真中,ライナー,460,349
同志社大学.csv,中田爽太,左,京大以外,右,得点圏,1,内,ストレート,高め,ライナー,315,723
近畿大学.csv,谷本颯太,左,京大以外,右,なし,2,真中,スライダー,低め,ゴロ,470,340
近畿大学.csv,勝田成,左,京大以外,右,なし,0,真中,ストレート,高め,ゴロ,371,218
近畿大学.csv,久保尊,左,京大以外,右,1塁,0,外,ストレート,真中,ライナー,193,282
近畿大学.csv,三木太介,右,京大以外,右,得点圏,1,真中,ストレート,低め,フライ,413,175
近畿大学.csv,伊藤愛都,左,京大以外,右,得点圏,1,外,スライダー,真中,フライ,298,118
同志社大学.csv,大井海音,左,京大以外,右,なし,1,真中,ストレート,高め,ライナー,257,729
同志社大学.csv,大井海音,左,京大以外,右,なし,2,真中,ストレート,高め,ゴロ,300,346
同志社大学.csv,堀内太陽,右,京大以外,右,なし,1,外,フォーク,真中,ゴロ,313,334
近畿大学.csv,阪上翔也,左,京大以外,右,なし,1,内,スライダー,低め,ゴロ,583,491
近畿大学.csv,阪上翔也,左,京大以外,右,なし,2,内,スライダー,真中,フライ,735,361
近畿大学.csv,阪上翔也,左,京大以外,右,なし,2,内,スライダー,真中,ライナー,622,278
近畿大学.csv,永井士航,左,京大以外,右,得点圏,1,真中,ストレート,真中,ゴロ,352,226
近畿大学.csv,谷本颯太,左,京大以外,左,得点圏,2,外,ストレート,低め,フライ,190,238
近畿大学.csv,勝田成,左,京大以外,左,1塁,1,真中,スライダー,低め,ライナー,560,309
近畿大学.csv,久保尊,左,京大以外,左,得点圏,0,内,カーブ,真中,フライ,500,252
同志社大学.csv,牧原優太,左,京大以外,右,なし,1,真中,ストレート,真中,フライ,234,177
同志社大学.csv,知念大河,右,京大以外,右,なし,0,内,フォーク,低め,ゴロ,260,506
同志社大学.csv,北田陸斗,左,京大以外,右,なし,0,内,ストレート,高め,フライ,183,428
近畿大学.csv,三木太介,右,京大以外,右,なし,1,内,ストレート,高め,フライ,134,589
近畿大学.csv,阪上翔也,左,京大以外,右,なし,1,真中,フォーク,低め,ゴロ,440,333
近畿大学.csv,永井士航,左,京大以外,右,1塁,1,内,ストレート,真中,ライナー,161,331
近畿大学.csv,田村好誠,右,京大以外,右,得点圏,2,内,ストレート,真中,ゴロ,430,379
関西大学.csv,小谷太誠,左,京大以外,右,なし,0,外,ストレート,低め,ゴロ,297,356
関西大学.csv,下井田悠人,左,京大以外,右,1塁,0,真中,ストレート,高め,フライ,305,747
関西大学.csv,下井田悠人,左,京大以外,右,1塁,1,真中,ストレート,真中,ゴロ,463,347
関西大学.csv,中村莞爾,左,京大以外,右,なし,2,真中,ストレート,真中,フライ,161,259
近畿大学.csv,野間翔一郎,左,京大以外,左,なし,2,内,ストレート,高め,ライナー,370,711
近畿大学.csv,野間翔一郎,左,京大以外,左,なし,2,真中,ストレート,高め,フライ,466,119
近畿大学.csv,阪上翔也,左,京大以外,左,なし,0,外,ストレート,高め,ゴロ,401,227
近畿大学.csv,三木太介,右,京大以外,左,1塁,0,外,ストレート,真中,フライ,607,520
近畿大学.csv,三木太介,右,京大以外,左,1塁,1,外,ストレート,高め,ライナー,374,735
近畿大学.csv,米崎薫暉,右,京大以外,左,得点圏,1,内,ストレート,高め,フライ,55,370
関西学院大学.csv,高嶋奨哉,右,京大以外,左,なし,0,外,ストレート,高め,フライ,536,687
関西学院大学.csv,永仮晃大,左,京大以外,左,なし,1,真中,ストレート,高め,フライ,370,171
近畿大学.csv,八幡大介,左,京大以外,左,なし,1,真中,カーブ,低め,フライ,139,362
近畿大学.csv,岸本紘一,右,京大以外,左,なし,1,外,フォーク,真中,フライ,414,216
関西学院大学.csv,西垣琉空,右,京大以外,左,なし,0,真中,ストレート,高め,フライ,369,710
関西学院大学.csv,山口称大,左,京大以外,左,なし,0,真中,スライダー,真中,ゴロ,571,632
関西学院大学.csv,山口称大,左,京大以外,左,なし,1,内,スライダー,低め,フライ,740,299
関西学院大学.csv,山口称大,左,京大以外,左,なし,2,真中,ストレート,高め,ゴロ,442,339
近畿大学.csv,谷本颯太,左,京大以外,左,なし,0,真中,ストレート,真中,ライナー,170,301
近畿大学.csv,勝田成,左,京大以外,左,1塁,1,外,ストレート,真中,ゴロ,287,355
近畿大学.csv,阪上翔也,左,京大以外,左,得点圏,1,真中,フォーク,高め,フライ,561,179
近畿大学.csv,三木太介,右,京大以外,左,得点圏,1,外,ストレート,高め,ライナー,651,512
近畿大学.csv,三木太介,右,京大以外,左,得点圏,2,内,ストレート,高め,フライ,415,484
同志社大学.csv,大井海音,左,京大以外,右,なし,2,真中,ストレート,低め,フライ,122,292
同志社大学.csv,堀内太陽,右,京大以外,右,なし,0,真中,ストレート,真中,ライナー,620,715
同志社大学.csv,堀内太陽,右,京大以外,右,なし,1,真中,ストレート,低め,ゴロ,261,463
同志社大学.csv,牧原優太,左,京大以外,右,なし,2,真中,ストレート,真中,ゴロ,321,342
近畿大学.csv,谷本颯太,左,京大以外,右,なし,0,内,ストレート,真中,ゴロ,141,655
近畿大学.csv,谷本颯太,左,京大以外,右,なし,2,内,スライダー,真中,ライナー,643,556
近畿大学.csv,谷本颯太,左,京大以外,右,なし,2,真中,ストレート,低め,ゴロ,271,441
近畿大学.csv,勝田成,左,京大以外,右,なし,0,真中,ストレート,真中,ライナー,530,133
近畿大学.csv,永井士航,左,京大以外,右,得点圏,0,真中,ストレート,高め,ライナー,208,712
近畿大学.csv,永井士航,左,京大以外,右,得点圏,2,内,ストレート,低め,ライナー,479,194
近畿大学.csv,三木太介,右,京大以外,右,得点圏,0,内,ストレート,真中,ライナー,188,283
近畿大学.csv,久保尊,左,京大以外,右,得点圏,1,真中,スライダー,低め,フライ,248,199
近畿大学.csv,阪上翔也,左,京大以外,右,1塁,1,外,ストレート,高め,フライ,56,591
近畿大学.csv,阪上翔也,左,京大以外,右,1塁,2,真中,ストレート,高め,フライ,256,195
同志社大学.csv,知念大河,右,京大以外,右,なし,1,外,スライダー,高め,フライ,444,747
同志社大学.csv,知念大河,右,京大以外,右,なし,2,内,ツーシーム,真中,ゴロ,452,333
同志社大学.csv,北田陸斗,左,京大以外,右,なし,0,外,ストレート,真中,ゴロ,243,418
同志社大学.csv,齊藤佑征,左,京大以外,右,なし,1,真中,ストレート,真中,フライ,303,736
近畿大学.csv,田村好誠,右,京大以外,右,なし,2,内,スライダー,低め,フライ,642,553
近畿大学.csv,田村好誠,右,京大以外,右,なし,2,外,ストレート,高め,ゴロ,456,338
近畿大学.csv,岸本紘一,右,京大以外,右,なし,1,真中,ストレート,低め,フライ,127,213
同志社大学.csv,辻井心,右,京大以外,右,なし,1,真中,ストレート,真中,ライナー,48,417
同志社大学.csv,辻井心,右,京大以外,右,なし,2,真中,ストレート,真中,ゴロ,289,400
同志社大学.csv,中田爽太,左,京大以外,右,なし,1,真中,スライダー,真中,ゴロ,344,230
同志社大学.csv,大井海音,左,京大以外,右,得点圏,1,真中,ストレート,低め,ゴロ,334,643
同志社大学.csv,大井海音,左,京大以外,右,得点圏,2,外,チェンジアップ,真中,ゴロ,392,316
近畿大学.csv,谷本颯太,左,京大以外,右,なし,1,内,ストレート,低め,ライナー,624,359
近畿大学.csv,勝田成,左,京大以外,右,得点圏,1,内,ストレート,高め,ライナー,559,308
近畿大学.csv,永井士航,左,京大以外,右,得点圏,1,真中,フォーク,真中,ライナー,193,313
近畿大学.csv,三木太介,右,京大以外,右,得点圏,0,外,フォーク,真中,ゴロ,370,543
近畿大学.csv,久保尊,左,京大以外,右,得点圏,1,内,フォーク,真中,ライナー,703,450
近畿大学.csv,久保尊,左,京大以外,右,得点圏,2,真中,フォーク,低め,ゴロ,374,662
近畿大学.csv,久保尊,左,京大以外,右,得点圏,2,内,フォーク,低め,ゴロ,310,729
近畿大学.csv,久保尊,左,京大以外,右,得点圏,2,内,フォーク,低め,ゴロ,546,511
近畿大学.csv,阪上翔也,左,京大以外,右,得点圏,2,真中,フォーク,低め,ライナー,577,315
近畿大学.csv,田村好誠,右,京大以外,右,得点圏,1,内,フォーク,真中,フライ,654,447
近畿大学.csv,田村好誠,右,京大以外,右,得点圏,2,内,ストレート,真中,ライナー,412,722
近畿大学.csv,田村好誠,右,京大以外,右,得点圏,2,内,スライダー,高め,ライナー,431,729
近畿大学.csv,田村好誠,右,京大以外,右,得点圏,2,内,ストレート,低め,フライ,435,136
近畿大学.csv,岸本紘一,右,京大以外,右,得点圏,2,真中,ストレート,低め,ゴロ,335,338
同志社大学.csv,牧原優太,左,京大以外,右,1塁,1,内,ストレート,低め,ゴロ,522,497
同志社大学.csv,牧原優太,左,京大以外,右,1塁,2,真中,ストレート,高め,ゴロ,344,381
同志社大学.csv,知念大河,右,京大以外,右,1塁,0,内,ツーシーム,真中,ライナー,389,315
同志社大学.csv,北田陸斗,左,京大以外,右,1塁,0,外,ストレート,高め,ライナー,238,706
立命館大学.csv,福井一颯,右,京大以外,左,なし,0,外,ストレート,真中,ゴロ,469,357
立命館大学.csv,丸岡優太,右,京大以外,左,なし,0,外,フォーク,低め,ゴロ,185,278
立命館大学.csv,田中隼人,右,京大以外,左,1塁,0,外,ストレート,高め,フライ,237,460
関西大学.csv,小谷太誠,左,京大以外,左,なし,0,真中,フォーク,真中,ゴロ,481,366
関西大学.csv,久保慶太郎,右,京大以外,左,なし,0,真中,ストレート,真中,フライ,285,408
立命館大学.csv,岩間倫太朗,左,京大以外,左,得点圏,1,真中,ストレート,高め,ライナー,341,717
立命館大学.csv,星野大和,右,京大以外,左,得点圏,2,外,ストレート,真中,フライ,455,713
立命館大学.csv,星野大和,右,京大以外,左,得点圏,2,真中,ストレート,低め,フライ,394,111
立命館大学.csv,福井一颯,右,京大以外,左,得点圏,1,外,ストレート,真中,ライナー,603,525
立命館大学.csv,福井一颯,右,京大以外,左,得点圏,2,内,ストレート,高め,フライ,429,347
関西大学.csv,森内大奈,右,京大以外,左,なし,0,内,フォーク,真中,ゴロ,147,644
関西大学.csv,森内大奈,右,京大以外,左,なし,2,外,フォーク,低め,ゴロ,180,691
関西大学.csv,渡邊貫太,左,京大以外,左,なし,0,内,ストレート,真中,ゴロ,467,358
関西大学.csv,下井田悠人,左,京大以外,左,なし,0,真中,フォーク,低め,ゴロ,399,693
立命館大学.csv,丸岡優太,右,京大以外,左,なし,1,外,ストレート,高め,ライナー,423,736
立命館大学.csv,塚本遵平,右,京大以外,左,なし,0,真中,スライダー,低め,ゴロ,334,333
関西大学.csv,笠井康生,左,京大以外,左,なし,0,外,スライダー,低め,ゴロ,484,383
関西大学.csv,鹿熊大誠,右,京大以外,左,なし,0,外,ストレート,真中,ライナー,641,654
立命館大学.csv,川端一正,左,京大以外,左,なし,1,真中,カーブ,低め,ゴロ,377,634
立命館大学.csv,川端一正,左,京大以外,左,なし,2,内,ストレート,真中,ゴロ,443,345
立命館大学.csv,岩間倫太朗,左,京大以外,左,なし,0,真中,ストレート,真中,ゴロ,580,271
立命館大学.csv,星野大和,右,京大以外,左,1塁,0,外,スライダー,低め,フライ,394,228
立命館大学.csv,福井一颯,右,京大以外,左,1塁,0,真中,ストレート,真中,フライ,389,715
立命館大学.csv,福井一颯,右,京大以外,左,1塁,1,外,ストレート,高め,フライ,355,305
関西大学.csv,小谷太誠,左,京大以外,左,1塁,0,内,フォーク,真中,ゴロ,498,369
立命館大学.csv,丸岡優太,右,京大以外,左,なし,0,内,ストレート,真中,フライ,435,721
立命館大学.csv,丸岡優太,右,京大以外,左,なし,1,真中,ストレート,真中,フライ,438,268
立命館大学.csv,加藤優翔,右,京大以外,左,なし,2,外,ストレート,高め,フライ,205,198
関西大学.csv,渡邊貫太,左,京大以外,左,なし,1,真中,ストレート,低め,ゴロ,390,656
関西大学.csv,渡邊貫太,左,京大以外,左,なし,2,外,スライダー,低め,ゴロ,571,300
関西大学.csv,下井田悠人,左,京大以外,左,1塁,1,内,スライダー,真中,ゴロ,572,275
関西大学.csv,笠井康生,左,京大以外,左,得点圏,1,外,ストレート,真中,ライナー,155,652
関西大学.csv,笠井康生,左,京大以外,左,得点圏,2,内,スライダー,高め,ゴロ,451,675
関西大学.csv,笠井康生,左,京大以外,左,得点圏,2,内,ストレート,高め,ライナー,206,652
関西大学.csv,笠井康生,左,京大以外,左,得点圏,2,内,ストレート,高め,ライナー,206,645
関西学院大学.csv,渡部遥斗,左,京大以外,右,なし,1,外,ストレート,真中,ライナー,155,626
関西学院大学.csv,高嶋奨哉,右,京大以外,右,1塁,1,真中,ストレート,高め,ゴロ,181,571
関西学院大学.csv,高嶋奨哉,右,京大以外,右,1塁,2,外,フォーク,低め,フライ,710,435
関西学院大学.csv,宮原大和,左,京大以外,右,得点圏,0,真中,ストレート,真中,ゴロ,571,312
関西学院大学.csv,畠山英士,右,京大以外,右,得点圏,1,外,フォーク,低め,ゴロ,567,638
関西学院大学.csv,畠山英士,右,京大以外,右,得点圏,2,外,ストレート,高め,フライ,453,733
関西学院大学.csv,中川将心,右,京大以外,右,得点圏,1,真中,フォーク,低め,ゴロ,434,333
同志社大学.csv,川村誠志郎,右,京大以外,左,なし,1,外,ストレート,高め,ゴロ,526,428
同志社大学.csv,赤山泰斗,右,京大以外,左,なし,0,外,スライダー,高め,フライ,327,310
関西学院大学.csv,高嶋奨哉,右,京大以外,右,なし,0,真中,スライダー,真中,フライ,2,328
同志社大学.csv,堀内太陽,右,京大以外,左,なし,0,真中,ストレート,高め,ゴロ,362,230
同志社大学.csv,牧原優太,左,京大以外,左,1塁,2,内,ストレート,低め,フライ,204,692
同志社大学.csv,牧原優太,左,京大以外,左,1塁,2,外,ストレート,高め,ゴロ,326,360
同志社大学.csv,辻井心,右,京大以外,左,なし,1,内,ストレート,真中,フライ,317,749
同志社大学.csv,辻井心,右,京大以外,左,なし,2,内,ストレート,高め,フライ,430,601
関西学院大学.csv,福谷宇楽,右,京大以外,右,なし,1,内,スライダー,真中,フライ,719,377
関西学院大学.csv,福谷宇楽,右,京大以外,右,なし,2,外,ストレート,高め,フライ,578,632
関西学院大学.csv,福谷宇楽,右,京大以外,右,なし,2,内,ツーシーム,低め,ゴロ,348,655
関西学院大学.csv,福谷宇楽,右,京大以外,右,なし,2,外,ストレート,高め,ゴロ,323,329
関西学院大学.csv,永仮晃大,左,京大以外,右,得点圏,1,真中,スライダー,真中,ライナー,320,326
関西学院大学.csv,宮原大和,左,京大以外,右,得点圏,0,内,スライダー,真中,ライナー,554,310
同志社大学.csv,齊藤佑征,左,京大以外,左,なし,0,内,カーブ,真中,ゴロ,630,530
同志社大学.csv,齊藤佑征,左,京大以外,左,なし,1,内,カーブ,真中,フライ,603,305
同志社大学.csv,佐藤悠斗,右,京大以外,左,なし,1,外,スライダー,真中,ライナー,393,221
同志社大学.csv,北田陸斗,左,京大以外,左,1塁,0,真中,ストレート,低め,ゴロ,370,340
関西学院大学.csv,中川将心,右,京大以外,右,なし,2,真中,ツーシーム,真中,フライ,481,580
関西学院大学.csv,中川将心,右,京大以外,右,なし,2,真中,ストレート,真中,ライナー,357,228
関西学院大学.csv,角野健士,左,京大以外,右,得点圏,0,外,ツーシーム,低め,ライナー,53,429
関西学院大学.csv,角野健士,左,京大以外,右,得点圏,1,真中,ストレート,高め,ゴロ,214,288
関西学院大学.csv,高嶋奨哉,右,京大以外,右,得点圏,1,真中,ツーシーム,高め,ゴロ,209,499
関西学院大学.csv,高嶋奨哉,右,京大以外,右,得点圏,2,外,スライダー,高め,フライ,579,339
関西学院大学.csv,福谷宇楽,右,京大以外,右,得点圏,0,外,ツーシーム,低め,ゴロ,457,713
関西学院大学.csv,山本晃也,左,京大以外,右,得点圏,2,真中,ストレート,真中,ライナー,160,640
関西学院大学.csv,山本晃也,左,京大以外,右,得点圏,2,外,ストレート,真中,ゴロ,545,304
関西学院大学.csv,宮原大和,左,京大以外,右,得点圏,0,外,スライダー,真中,ゴロ,455,355
同志社大学.csv,大井海音,左,京大以外,左,なし,1,外,ストレート,真中,フライ,166,644
同志社大学.csv,大井海音,左,京大以外,左,なし,2,内,ストレート,高め,フライ,105,459
同志社大学.csv,大井海音,左,京大以外,左,なし,2,真中,ストレート,高め,ゴロ,374,515
同志社大学.csv,寺田賢生,左,京大以外,左,なし,1,内,カーブ,低め,ゴロ,395,227
同志社大学.csv,知念大河,右,京大以外,左,1塁,0,内,ストレート,高め,フライ,560,280
同志社大学.csv,堀内太陽,右,京大以外,左,1塁,1,真中,スライダー,真中,ゴロ,538,636
同志社大学.csv,堀内太陽,右,京大以外,左,1塁,1,真中,ストレート,真中,ゴロ,270,368
同志社大学.csv,牧原優太,左,京大以外,左,得点圏,1,真中,ストレート,低め,ライナー,323,719
同志社大学.csv,牧原優太,左,京大以外,左,得点圏,2,外,ストレート,真中,フライ,204,643
同志社大学.csv,牧原優太,左,京大以外,左,得点圏,2,外,スライダー,低め,ゴロ,408,374
関西学院大学.csv,黒田颯大,右,京大以外,右,なし,0,真中,ストレート,低め,ゴロ,207,287
関西学院大学.csv,若杉優杜,左,京大以外,右,1塁,0,内,スライダー,低め,ライナー,629,493
関西学院大学.csv,若杉優杜,左,京大以外,右,1塁,1,外,ストレート,高め,フライ,201,652
関西学院大学.csv,若杉優杜,左,京大以外,右,得点圏,2,外,ストレート,低め,ゴロ,354,227
関西学院大学.csv,中川将心,右,京大以外,右,得点圏,1,内,ストレート,真中,ゴロ,220,268
関西学院大学.csv,山口称大,左,京大以外,右,得点圏,2,真中,スライダー,低め,ゴロ,581,488
関西学院大学.csv,深田元貴,左,京大以外,右,得点圏,0,内,スライダー,真中,ゴロ,621,314
関西学院大学.csv,福谷宇楽,右,京大以外,右,得点圏,2,外,スライダー,低め,フライ,552,687
関西学院大学.csv,福谷宇楽,右,京大以外,右,得点圏,2,真中,ストレート,高め,ゴロ,249,449
同志社大学.csv,辻井心,右,京大以外,右,なし,0,真中,ストレート,高め,フライ,458,335
同志社大学.csv,齊藤佑征,左,京大以外,右,なし,0,外,チェンジアップ,低め,ライナー,496,140
同志社大学.csv,佐藤悠斗,右,京大以外,右,得点圏,1,真中,ストレート,高め,ライナー,479,344
同志社大学.csv,北田陸斗,左,京大以外,右,得点圏,1,内,スライダー,低め,ライナー,239,455
関西学院大学.csv,中川将心,右,京大以外,右,なし,0,真中,ストレート,真中,ゴロ,385,238
関西学院大学.csv,高嶋奨哉,右,京大以外,右,得点圏,2,外,スライダー,真中,ゴロ,347,318
関西学院大学.csv,福谷宇楽,右,京大以外,右,得点圏,0,真中,スライダー,低め,ゴロ,176,536
関西学院大学.csv,永仮晃大,左,京大以外,右,得点圏,0,真中,ストレート,真中,ライナー,254,734
関西学院大学.csv,永仮晃大,左,京大以外,右,得点圏,1,内,ストレート,真中,ゴロ,398,647
関西学院大学.csv,永仮晃大,左,京大以外,右,得点圏,2,真中,ストレート,高め,フライ,81,299
関西学院大学.csv,宮原大和,左,京大以外,右,得点圏,0,外,ストレート,真中,ゴロ,340,329
同志社大学.csv,堀内太陽,右,京大以外,左,なし,2,外,ストレート,真中,フライ,423,723
同志社大学.csv,堀内太陽,右,京大以外,左,なし,2,外,ストレート,低め,フライ,713,477
同志社大学.csv,牧原優太,左,京大以外,左,なし,1,外,ストレート,高め,フライ,111,592
同志社大学.csv,牧原優太,左,京大以外,左,なし,2,真中,スライダー,低め,フライ,92,513
同志社大学.csv,牧原優太,左,京大以外,左,なし,2,真中,ストレート,低め,フライ,327,146
同志社大学.csv,辻井心,右,京大以外,左,なし,1,内,ストレート,真中,ゴロ,153,526
同志社大学.csv,辻井心,右,京大以外,左,なし,2,真中,ストレート,真中,ゴロ,200,292
同志社大学.csv,齊藤佑征,左,京大以外,左,1塁,1,外,ストレート,低め,フライ,431,180
関西学院大学.csv,畠山英士,右,京大以外,右,なし,0,真中,ストレート,真中,ライナー,382,228
関西学院大学.csv,中川将心,右,京大以外,右,得点圏,2,外,スライダー,真中,ゴロ,345,380
関西学院大学.csv,高山隼,左,京大以外,右,なし,1,内,スライダー,真中,フライ,287,749
同志社大学.csv,佐藤悠斗,右,京大以外,左,なし,0,外,ストレート,真中,ライナー,359,240
同志社大学.csv,川村誠志郎,右,京大以外,左,得点圏,1,内,ストレート,真中,ライナー,412,715
関西学院大学.csv,渡部遥斗,左,京大以外,右,なし,0,内,ストレート,高め,ライナー,162,652
関西学院大学.csv,渡部遥斗,左,京大以外,右,なし,1,内,スライダー,真中,ライナー,431,228
関西学院大学.csv,福谷宇楽,右,京大以外,右,得点圏,0,真中,スライダー,真中,ゴロ,363,681
関西学院大学.csv,福谷宇楽,右,京大以外,右,得点圏,1,真中,スライダー,低め,ゴロ,156,616
関西学院大学.csv,福谷宇楽,右,京大以外,右,得点圏,2,真中,ストレート,高め,フライ,638,520
関西学院大学.csv,永仮晃大,左,京大以外,右,得点圏,0,真中,ストレート,真中,フライ,262,218
同志社大学.csv,中村勇翔,右,京大以外,左,なし,0,真中,ストレート,高め,フライ,435,726
同志社大学.csv,中村勇翔,右,京大以外,左,なし,1,真中,ストレート,真中,フライ,688,476
同志社大学.csv,堀内太陽,右,京大以外,左,なし,1,真中,ストレート,高め,フライ,599,613
関西学院大学.csv,畠山英士,右,京大以外,右,なし,1,真中,ストレート,高め,ライナー,190,289
関西学院大学.csv,中川将心,右,京大以外,右,1塁,1,内,ストレート,真中,ライナー,462,720
関西学院大学.csv,中川将心,右,京大以外,右,1塁,2,真中,ストレート,真中,ライナー,431,207
関西学院大学.csv,高山隼,左,京大以外,右,得点圏,0,真中,フォーク,低め,ゴロ,524,555
関西学院大学.csv,高山隼,左,京大以外,右,得点圏,1,真中,フォーク,低め,ゴロ,475,348
同志社大学.csv,辻井心,右,京大以外,左,なし,1,外,ストレート,真中,ゴロ,352,320
同志社大学.csv,齊藤佑征,左,京大以外,左,なし,1,外,ストレート,低め,フライ,114,181
同志社大学.csv,佐藤悠斗,右,京大以外,左,得点圏,1,真中,ストレート,高め,ゴロ,565,497
同志社大学.csv,佐藤悠斗,右,京大以外,左,得点圏,2,外,スライダー,真中,ゴロ,165,504
同志社大学.csv,寺田賢生,左,京大以外,左,なし,1,内,ストレート,低め,フライ,453,125
同志社大学.csv,堀内太陽,右,京大以外,左,なし,2,外,ストレート,真中,フライ,447,743
同志社大学.csv,堀内太陽,右,京大以外,左,なし,2,外,ストレート,高め,ライナー,380,731
同志社大学.csv,堀内太陽,右,京大以外,左,なし,2,外,スライダー,低め,フライ,676,491
同志社大学.csv,堀内太陽,右,京大以外,左,なし,2,真中,ストレート,低め,フライ,716,439
同志社大学.csv,齊藤佑征,左,京大以外,左,なし,1,内,スライダー,真中,ゴロ,394,642
同志社大学.csv,齊藤佑征,左,京大以外,左,なし,2,内,スライダー,真中,ゴロ,605,498
同志社大学.csv,齊藤佑征,左,京大以外,左,なし,2,内,ストレート,高め,ライナー,673,452
関西学院大学.csv,中川将心,右,京大以外,右,なし,1,内,ストレート,高め,フライ,542,537
関西学院大学.csv,深田元貴,左,京大以外,右,なし,1,内,ストレート,高め,ゴロ,141,533
関西学院大学.csv,深田元貴,左,京大以外,右,なし,2,外,チェンジアップ,低め,ゴロ,464,350
関西学院大学.csv,渡部遥斗,左,京大以外,右,なし,0,外,ストレート,真中,ゴロ,487,355
同志社大学.csv,佐藤悠斗,右,京大以外,左,なし,1,外,ストレート,真中,フライ,374,173
同志社大学.csv,知念大河,右,京大以外,左,なし,0,外,ストレート,真中,フライ,705,507
同志社大学.csv,知念大河,右,京大以外,左,なし,1,内,ストレート,真中,ゴロ,303,358
同志社大学.csv,辻井心,右,京大以外,左,なし,1,真中,スライダー,真中,ゴロ,319,330
関西学院大学.csv,高嶋奨哉,右,京大以外,右,なし,0,外,ストレート,高め,フライ,638,610
関西学院大学.csv,高嶋奨哉,右,京大以外,右,なし,1,外,ストレート,低め,ゴロ,210,557
関西学院大学.csv,福谷宇楽,右,京大以外,右,なし,1,外,ストレート,低め,ゴロ,412,217
関西学院大学.csv,宮原大和,左,京大以外,右,1塁,1,内,ストレート,高め,フライ,615,203
関西学院大学.csv,永仮晃大,左,京大以外,右,得点圏,2,外,チェンジアップ,高め,フライ,345,221
同志社大学.csv,中森暁大,右,京大以外,左,なし,0,真中,ストレート,高め,ゴロ,205,452
同志社大学.csv,坂玲哉,右,京大以外,左,なし,0,外,ストレート,真中,ライナー,439,731
同志社大学.csv,坂玲哉,右,京大以外,左,なし,2,外,スライダー,真中,フライ,698,511
同志社大学.csv,坂玲哉,右,京大以外,左,なし,2,外,ストレート,真中,ライナー,473,733
同志社大学.csv,坂玲哉,右,京大以外,左,なし,2,外,カーブ,低め,ライナー,711,478
同志社大学.csv,坂玲哉,右,京大以外,左,なし,2,外,ストレート,高め,フライ,620,624
関西学院大学.csv,小林舜,左,京大以外,右,なし,1,内,チェンジアップ,真中,フライ,570,243
関西学院大学.csv,中川将心,右,京大以外,右,なし,1,外,スライダー,低め,ゴロ,415,713
関西学院大学.csv,中川将心,右,京大以外,右,なし,2,内,ストレート,真中,ゴロ,190,281
同志社大学.csv,堀内太陽,右,京大以外,左,なし,1,外,スライダー,真中,ライナー,594,634
同志社大学.csv,齊藤佑征,左,京大以外,左,なし,1,内,カーブ,真中,ゴロ,599,494
関西学院大学.csv,深田元貴,左,京大以外,右,なし,1,外,チェンジアップ,真中,ゴロ,571,532
関西学院大学.csv,渡部遥斗,左,京大以外,右,なし,0,外,ストレート,真中,ゴロ,414,319
関西学院大学.csv,高嶋奨哉,右,京大以外,右,1塁,1,外,ストレート,低め,フライ,712,380
関西学院大学.csv,福谷宇楽,右,京大以外,右,得点圏,0,内,ストレート,低め,ゴロ,192,624
関西学院大学.csv,福谷宇楽,右,京大以外,右,得点圏,1,外,チェンジアップ,低め,ライナー,264,249
同志社大学.csv,佐藤悠斗,右,京大以外,左,なし,0,外,ストレート,真中,ゴロ,175,615
同志社大学.csv,辻井心,右,京大以外,左,得点圏,1,外,カーブ,低め,ゴロ,555,306
同志社大学.csv,中森暁大,右,京大以外,左,得点圏,0,外,ストレート,真中,ライナー,193,255
同志社大学.csv,寺田賢生,左,京大以外,左,なし,0,真中,フォーク,真中,ライナー,275,734
同志社大学.csv,寺田賢生,左,京大以外,左,なし,1,内,スライダー,真中,ライナー,560,281
同志社大学.csv,堀内太陽,右,京大以外,左,1塁,1,外,フォーク,低め,ゴロ,309,364
関西学院大学.csv,宮原大和,左,京大以外,右,なし,0,内,ストレート,真中,ゴロ,487,354
関西学院大学.csv,永仮晃大,左,京大以外,右,なし,1,内,ストレート,真中,ゴロ,408,319
関西学院大学.csv,小林舜,左,京大以外,右,1塁,2,外,ストレート,高め,フライ,106,530
関西学院大学.csv,小林舜,左,京大以外,右,1塁,2,真中,チェンジアップ,低め,ライナー,649,331
関西学院大学.csv,角野健士,左,京大以外,右,得点圏,1,真中,ストレート,高め,ゴロ,477,349
関西学院大学.csv,中川将心,右,京大以外,右,なし,1,真中,ストレート,真中,ライナー,606,637
同志社大学.csv,齊藤佑征,左,京大以外,右,なし,2,内,スライダー,低め,フライ,588,452
同志社大学.csv,知念大河,右,京大以外,右,1塁,1,外,スライダー,低め,フライ,548,298
同志社大学.csv,中村勇翔,右,京大以外,右,得点圏,1,真中,ストレート,高め,フライ,565,482
同志社大学.csv,坂玲哉,右,京大以外,右,得点圏,2,外,スライダー,低め,フライ,514,151
同志社大学.csv,寺田賢生,左,京大以外,右,得点圏,0,真中,ストレート,低め,ゴロ,172,630
同志社大学.csv,堀内太陽,右,京大以外,右,得点圏,1,外,スライダー,低め,フライ,397,214
関西学院大学.csv,深田元貴,左,京大以外,右,なし,0,内,ストレート,高め,フライ,276,748
関西学院大学.csv,深田元貴,左,京大以外,右,なし,1,真中,チェンジアップ,低め,ゴロ,287,448
関西学院大学.csv,渡部遥斗,左,京大以外,右,1塁,0,外,ストレート,低め,ライナー,319,240
関西学院大学.csv,福谷宇楽,右,京大以外,右,得点圏,0,内,チェンジアップ,低め,ゴロ,145,663
関西学院大学.csv,福谷宇楽,右,京大以外,右,得点圏,1,外,チェンジアップ,低め,ライナー,571,633
関西学院大学.csv,福谷宇楽,右,京大以外,右,得点圏,2,真中,ストレート,高め,ライナー,568,329
関西学院大学.csv,宮原大和,左,京大以外,左,得点圏,0,内,カーブ,真中,フライ,737,366
関西学院大学.csv,黒田颯大,右,京大以外,右,得点圏,0,外,ストレート,低め,ゴロ,184,586
関西学院大学.csv,黒田颯大,右,京大以外,右,得点圏,2,外,ストレート,低め,ゴロ,206,292
関西学院大学.csv,山本晃也,左,京大以外,右,得点圏,0,真中,ストレート,高め,ライナー,386,250
関西学院大学.csv,深田元貴,左,京大以外,右,得点圏,2,真中,ツーシーム,低め,ゴロ,385,412
関西学院大学.csv,渡部遥斗,左,京大以外,右,得点圏,0,内,ツーシーム,真中,ゴロ,374,516
同志社大学.csv,知念大河,右,京大以外,右,得点圏,0,真中,スライダー,真中,フライ,385,205
同志社大学.csv,中田爽太,左,京大以外,右,得点圏,1,内,ストレート,真中,ゴロ,527,429
関西学院大学.csv,高嶋奨哉,右,京大以外,右,なし,2,外,スライダー,低め,ゴロ,253,447
関西学院大学.csv,福谷宇楽,右,京大以外,右,なし,1,外,スライダー,低め,ゴロ,369,518
関西学院大学.csv,宮原大和,左,京大以外,右,なし,0,内,ストレート,真中,ゴロ,371,655
関西学院大学.csv,宮原大和,左,京大以外,右,なし,1,外,ストレート,真中,フライ,400,172
同志社大学.csv,牧原優太,左,京大以外,右,なし,1,内,スライダー,低め,フライ,183,190
同志社大学.csv,坂玲哉,左,京大以外,右,なし,1,外,スライダー,低め,ゴロ,210,291
同志社大学.csv,北田陸斗,左,京大以外,右,1塁,0,内,ストレート,真中,ライナー,353,240
同志社大学.csv,堀内太陽,右,京大以外,右,得点圏,0,外,ストレート,真中,フライ,602,269
同志社大学.csv,齊藤佑征,左,京大以外,右,得点圏,0,真中,ストレート,低め,フライ,122,285
関西学院大学.csv,若杉優杜,左,京大以外,右,なし,0,外,ストレート,真中,ゴロ,352,321
関西学院大学.csv,塚野勇太,右,京大以外,右,なし,0,真中,ストレート,真中,フライ,370,128
関西学院大学.csv,山本晃也,左,京大以外,右,なし,0,真中,ストレート,高め,ゴロ,460,335
同志社大学.csv,佐藤悠斗,右,京大以外,右,なし,1,内,ストレート,高め,フライ,237,286
同志社大学.csv,牧原優太,左,京大以外,右,1塁,0,真中,スライダー,低め,フライ,257,198
関西大学.csv,渡邊貫太,左,京大以外,右,なし,1,内,スライダー,高め,ゴロ,529,427
関西大学.csv,山本峻輔,左,京大以外,右,なし,2,外,スライダー,低め,フライ,346,167
関西大学.csv,下井田悠人,左,京大以外,右,なし,0,内,スライダー,低め,ゴロ,396,647
関西大学.csv,下井田悠人,左,京大以外,右,なし,2,内,ストレート,真中,フライ,627,208
同志社大学.csv,堀内太陽,右,京大以外,左,なし,1,真中,フォーク,低め,ライナー,228,279
同志社大学.csv,齊藤佑征,左,京大以外,左,得点圏,0,真中,ストレート,真中,ライナー,318,725
同志社大学.csv,齊藤佑征,左,京大以外,左,得点圏,1,内,ストレート,高め,ゴロ,577,500
同志社大学.csv,齊藤佑征,左,京大以外,左,得点圏,2,真中,ストレート,低め,フライ,651,317
同志社大学.csv,佐藤悠斗,右,京大以外,左,得点圏,0,真中,ストレート,高め,フライ,501,536
関西大学.csv,山田悠平,右,京大以外,右,なし,0,外,ストレート,真中,ライナー,488,228
関西大学.csv,笠井康生,左,京大以外,右,1塁,1,真中,ストレート,低め,ゴロ,480,353
関西大学.csv,河田流空,左,京大以外,右,得点圏,0,内,スライダー,低め,ライナー,732,400
関西大学.csv,鹿熊大誠,右,京大以外,右,得点圏,0,外,スライダー,低め,ゴロ,240,428
同志社大学.csv,知念大河,右,京大以外,左,なし,0,内,スライダー,真中,フライ,106,189
同志社大学.csv,影山智紀,右,京大以外,左,得点圏,1,外,ストレート,高め,ライナー,386,721
関西大学.csv,森内大奈,右,京大以外,右,なし,2,外,スライダー,真中,フライ,440,733
関西大学.csv,森内大奈,右,京大以外,右,なし,2,外,スライダー,真中,ゴロ,303,346
関西大学.csv,渡邊貫太,左,京大以外,右,なし,2,真中,スライダー,高め,フライ,295,194
同志社大学.csv,堀内太陽,右,京大以外,左,なし,1,外,スライダー,低め,ゴロ,456,344
同志社大学.csv,中森暁大,右,京大以外,左,なし,1,外,チェンジアップ,真中,ゴロ,416,734
同志社大学.csv,中森暁大,右,京大以外,左,なし,2,外,ストレート,真中,フライ,715,451
同志社大学.csv,中森暁大,右,京大以外,左,なし,2,真中,スライダー,低め,ゴロ,465,720
同志社大学.csv,中森暁大,右,京大以外,左,なし,2,内,スライダー,低め,ゴロ,191,648
関西大学.csv,山本峻輔,左,京大以外,右,なし,1,内,ストレート,低め,ゴロ,567,469
関西大学.csv,下井田悠人,左,京大以外,右,なし,1,内,スライダー,真中,フライ,101,589
関西大学.csv,下井田悠人,左,京大以外,右,なし,2,内,スライダー,真中,フライ,738,284
同志社大学.csv,齊藤佑征,左,京大以外,左,なし,1,真中,カーブ,真中,ライナー,262,700
同志社大学.csv,齊藤佑征,左,京大以外,左,なし,2,外,ストレート,高め,フライ,345,208
同志社大学.csv,佐藤悠斗,右,京大以外,左,なし,0,外,カーブ,高め,ゴロ,438,341
同志社大学.csv,知念大河,右,京大以外,左,なし,0,真中,ストレート,低め,フライ,37,480
同志社大学.csv,知念大河,右,京大以外,左,なし,2,外,ストレート,真中,フライ,580,651
関西大学.csv,笠井康生,左,京大以外,右,なし,1,外,チェンジアップ,真中,ゴロ,466,341
関西大学.csv,河田流空,左,京大以外,右,なし,0,外,スライダー,真中,ゴロ,528,428
関西大学.csv,鹿熊大誠,右,京大以外,右,なし,1,外,ストレート,高め,ライナー,619,650
関西大学.csv,鹿熊大誠,右,京大以外,右,なし,2,外,チェンジアップ,真中,ライナー,331,230
同志社大学.csv,牧原優太,左,京大以外,左,なし,2,真中,ストレート,高め,フライ,45,406
同志社大学.csv,牧原優太,左,京大以外,左,なし,2,真中,ストレート,高め,フライ,76,532
同志社大学.csv,牧原優太,左,京大以外,左,なし,2,真中,スライダー,低め,ゴロ,423,327
同志社大学.csv,影山智紀,右,京大以外,左,なし,1,外,ストレート,高め,フライ,375,741
同志社大学.csv,影山智紀,右,京大以外,左,なし,2,外,ストレート,高め,ライナー,77,205
関西大学.csv,渡邊貫太,左,京大以外,右,なし,0,内,スライダー,低め,ゴロ,599,477
関西大学.csv,渡邊貫太,左,京大以外,右,なし,1,内,スライダー,低め,ゴロ,434,724
関西大学.csv,渡邊貫太,左,京大以外,右,なし,2,外,スライダー,低め,ゴロ,355,326
関西大学.csv,山本峻輔,左,京大以外,右,なし,1,内,ストレート,低め,ライナー,183,677
同志社大学.csv,堀内太陽,右,京大以外,左,なし,0,真中,スライダー,低め,ゴロ,153,571
同志社大学.csv,堀内太陽,右,京大以外,左,なし,1,外,フォーク,真中,ライナー,428,717
同志社大学.csv,堀内太陽,右,京大以外,左,なし,2,外,ストレート,低め,ゴロ,444,342
同志社大学.csv,中森暁大,右,京大以外,左,なし,1,真中,スライダー,真中,ゴロ,482,548
同志社大学.csv,中森暁大,右,京大以外,左,なし,2,真中,フォーク,高め,ライナー,101,320
同志社大学.csv,齊藤佑征,左,京大以外,左,得点圏,0,真中,スライダー,低め,ゴロ,514,422
同志社大学.csv,佐藤悠斗,右,京大以外,左,得点圏,0,真中,ストレート,真中,ライナー,372,720
同志社大学.csv,佐藤悠斗,右,京大以外,左,得点圏,1,内,ストレート,高め,フライ,13,388
同志社大学.csv,佐藤悠斗,右,京大以外,左,得点圏,2,外,ストレート,真中,ゴロ,305,401
同志社大学.csv,知念大河,右,京大以外,左,1塁,2,外,ストレート,低め,フライ,594,260
関西大学.csv,下井田悠人,左,京大以外,右,なし,1,内,スライダー,真中,ライナー,390,217
関西大学.csv,笠井康生,左,京大以外,右,得点圏,2,真中,チェンジアップ,低め,ゴロ,516,422
関西大学.csv,河田流空,左,京大以外,右,得点圏,2,外,チェンジアップ,真中,ゴロ,409,667
同志社大学.csv,牧原優太,左,京大以外,左,なし,0,内,ストレート,高め,ライナー,164,337
同志社大学.csv,坂玲哉,右,京大以外,左,得点圏,1,外,フォーク,真中,ゴロ,481,376
関西大学.csv,鹿熊大誠,右,京大以外,右,なし,0,外,スライダー,真中,ゴロ,143,490
関西大学.csv,鹿熊大誠,右,京大以外,右,なし,2,外,スライダー,低め,ゴロ,373,665
関西大学.csv,森内大奈,右,京大以外,右,なし,1,真中,ストレート,低め,ゴロ,223,429
関西大学.csv,西川昌希,右,京大以外,右,なし,1,外,スライダー,低め,ゴロ,192,479
同志社大学.csv,堀内太陽,右,京大以外,右,なし,0,内,ストレート,真中,ゴロ,277,395
同志社大学.csv,中森暁大,右,京大以外,右,1塁,2,真中,ストレート,真中,ゴロ,272,575
同志社大学.csv,中森暁大,右,京大以外,右,1塁,2,外,スライダー,高め,フライ,701,503
同志社大学.csv,中森暁大,右,京大以外,右,1塁,2,内,ストレート,真中,ゴロ,299,354
同志社大学.csv,齊藤佑征,左,京大以外,右,なし,1,外,ストレート,真中,ゴロ,436,342
関西大学.csv,渡邊貫太,左,京大以外,右,なし,1,内,スライダー,低め,ゴロ,573,498
関西大学.csv,渡邊貫太,左,京大以外,右,なし,2,真中,チェンジアップ,低め,ゴロ,462,350
関西大学.csv,下井田悠人,左,京大以外,右,なし,0,真中,ストレート,真中,フライ,205,193
同志社大学.csv,堀内太陽,右,京大以外,右,なし,1,真中,ストレート,真中,ゴロ,248,438
同志社大学.csv,大井海音,左,京大以外,右,なし,2,内,ストレート,低め,ゴロ,512,639
同志社大学.csv,知念大河,右,京大以外,右,1塁,0,真中,ストレート,高め,フライ,441,117
同志社大学.csv,齊藤佑征,左,京大以外,右,得点圏,2,内,ストレート,低め,ライナー,718,260
同志社大学.csv,中森暁大,右,京大以外,右,得点圏,1,外,ストレート,低め,ゴロ,482,433
関西大学.csv,渡邊貫太,左,京大以外,右,なし,0,内,スライダー,真中,ゴロ,558,475
関西大学.csv,渡邊貫太,左,京大以外,右,なし,1,内,スライダー,真中,ライナー,116,555
関西大学.csv,渡邊貫太,左,京大以外,右,なし,2,内,フォーク,低め,ゴロ,556,298
関西大学.csv,宮本青空,左,京大以外,右,1塁,1,真中,ストレート,高め,フライ,168,251
関西大学.csv,下井田悠人,左,京大以外,右,1塁,0,外,フォーク,真中,ゴロ,420,362
関西大学.csv,小谷太誠,左,京大以外,右,得点圏,1,真中,ストレート,真中,ゴロ,373,660
同志社大学.csv,牧原優太,左,京大以外,右,なし,0,真中,ストレート,高め,ゴロ,163,542
同志社大学.csv,牧原優太,左,京大以外,右,なし,1,内,フォーク,低め,ゴロ,484,365
同志社大学.csv,影山智紀,右,京大以外,右,なし,0,外,ストレート,低め,ゴロ,454,345
同志社大学.csv,坂玲哉,右,京大以外,右,なし,2,外,ストレート,高め,ライナー,679,584
同志社大学.csv,坂玲哉,右,京大以外,右,なし,2,内,ストレート,真中,ゴロ,211,647
関西大学.csv,笠井康生,左,京大以外,右,1塁,0,内,フォーク,低め,ゴロ,498,478
関西大学.csv,久保慶太郎,右,京大以外,右,1塁,1,外,フォーク,低め,ゴロ,394,645
関西大学.csv,久保慶太郎,右,京大以外,右,1塁,2,外,スライダー,真中,ゴロ,443,343
同志社大学.csv,堀内太陽,右,京大以外,右,なし,1,真中,ストレート,低め,ゴロ,427,367
同志社大学.csv,大井海音,左,京大以外,右,なし,2,真中,ストレート,高め,ゴロ,280,380
関西大学.csv,山路朝大,左,京大以外,右,なし,2,外,ストレート,真中,フライ,78,605
関西大学.csv,宮本青空,左,京大以外,右,1塁,0,内,フォーク,真中,ライナー,547,297
関西大学.csv,下井田悠人,左,京大以外,右,得点圏,0,真中,フォーク,低め,ゴロ,573,543
関西大学.csv,小谷太誠,左,京大以外,右,得点圏,0,内,スライダー,低め,ゴロ,599,504
関西大学.csv,山田悠平,右,京大以外,右,得点圏,2,外,スライダー,真中,ゴロ,368,505
同志社大学.csv,知念大河,右,京大以外,左,なし,0,外,ストレート,高め,フライ,64,267
同志社大学.csv,中森暁大,右,京大以外,左,得点圏,2,真中,ストレート,真中,ゴロ,606,488
同志社大学.csv,中森暁大,右,京大以外,左,得点圏,2,外,ストレート,真中,ライナー,81,294
同志社大学.csv,影山智紀,右,京大以外,左,得点圏,2,真中,ストレート,高め,ライナー,373,729
同志社大学.csv,影山智紀,右,京大以外,左,得点圏,2,外,ストレート,高め,フライ,617,296
関西大学.csv,大橋岳斗,右,京大以外,右,なし,2,真中,ストレート,高め,ゴロ,206,445
関西大学.csv,中村莞爾,左,京大以外,右,なし,2,外,ストレート,高め,フライ,188,691
関西大学.csv,中村莞爾,左,京大以外,右,なし,2,真中,フォーク,低め,フライ,182,666
関西大学.csv,中村莞爾,左,京大以外,右,なし,2,真中,スライダー,真中,フライ,72,346
関西大学.csv,久保慶太郎,右,京大以外,右,なし,1,真中,ストレート,低め,ゴロ,371,657
関西大学.csv,久保慶太郎,右,京大以外,右,なし,2,内,ストレート,真中,フライ,109,573
関西大学.csv,久保慶太郎,右,京大以外,右,なし,2,内,ストレート,真中,ライナー,105,541
関西大学.csv,森内大奈,右,京大以外,右,1塁,0,外,スライダー,低め,ライナー,187,327
関西大学.csv,渡邊貫太,左,京大以外,右,得点圏,0,真中,スライダー,低め,ゴロ,455,346
同志社大学.csv,堀内太陽,右,京大以外,右,得点圏,1,内,ストレート,高め,フライ,370,228
同志社大学.csv,大井海音,左,京大以外,右,得点圏,2,真中,ストレート,真中,ライナー,180,650
同志社大学.csv,大井海音,左,京大以外,右,得点圏,2,外,ストレート,高め,フライ,122,563
同志社大学.csv,大井海音,左,京大以外,右,得点圏,2,内,ストレート,高め,フライ,170,562
関西大学.csv,宮本青空,左,京大以外,右,なし,0,外,ストレート,高め,ゴロ,483,485
関西大学.csv,下井田悠人,左,京大以外,右,なし,1,真中,スライダー,真中,ライナー,119,559
関西大学.csv,下井田悠人,左,京大以外,右,なし,2,内,スライダー,真中,フライ,418,221
関西大学.csv,小谷太誠,左,京大以外,右,なし,1,外,ストレート,真中,ゴロ,178,635
関西学院大学.csv,中川将心,右,京大以外,左,なし,1,真中,ストレート,高め,フライ,468,726
関西学院大学.csv,中川将心,右,京大以外,左,なし,2,真中,ストレート,高め,フライ,455,720
関西学院大学.csv,中川将心,右,京大以外,左,なし,2,真中,ストレート,高め,ライナー,199,296
関西学院大学.csv,渡部遥斗,左,京大以外,左,得点圏,0,外,ストレート,真中,ゴロ,380,632
関西学院大学.csv,渡部遥斗,左,京大以外,左,得点圏,2,外,ストレート,真中,ライナー,161,602
関西学院大学.csv,渡部遥斗,左,京大以外,左,得点圏,2,外,スライダー,低め,ゴロ,447,342
関西学院大学.csv,高嶋奨哉,左,京大以外,左,得点圏,0,内,ストレート,真中,ライナー,68,474
関西大学.csv,渡邊貫太,左,京大以外,左,なし,0,外,スライダー,低め,フライ,79,527
関西大学.csv,渡邊貫太,左,京大以外,左,なし,1,外,ストレート,真中,ライナー,48,300
関西大学.csv,中村莞爾,左,京大以外,左,得点圏,2,外,スライダー,低め,ゴロ,483,479
関西大学.csv,下井田悠人,左,京大以外,左,なし,1,真中,スライダー,高め,フライ,81,494
関西大学.csv,下井田悠人,左,京大以外,左,なし,2,外,スライダー,真中,フライ,210,270
関西学院大学.csv,福谷宇楽,右,京大以外,左,なし,0,真中,フォーク,低め,ゴロ,310,361
関西学院大学.csv,杉本瞬,左,京大以外,左,なし,0,内,ストレート,高め,ライナー,322,348
関西学院大学.csv,宮原大和,左,京大以外,左,なし,2,外,スライダー,高め,ライナー,289,144
関西学院大学.csv,畠山英士,右,京大以外,左,得点圏,2,外,ストレート,真中,ゴロ,204,273
関西大学.csv,森内大奈,右,京大以外,左,なし,0,真中,フォーク,真中,フライ,678,259
関西大学.csv,山田悠平,右,京大以外,左,なし,2,外,ストレート,低め,ライナー,295,351
関西大学.csv,小谷太誠,左,京大以外,左,なし,0,外,ストレート,真中,ライナー,285,341
関西学院大学.csv,渡部遥斗,左,京大以外,左,得点圏,0,内,ストレート,高め,ゴロ,526,431
関西学院大学.csv,高嶋奨哉,右,京大以外,左,得点圏,0,外,ストレート,真中,ライナー,248,313
関西学院大学.csv,福谷宇楽,右,京大以外,左,1塁,1,真中,スライダー,低め,ゴロ,201,290
関西学院大学.csv,杉本瞬,左,京大以外,左,得点圏,1,外,ストレート,真中,ライナー,60,495
関西学院大学.csv,杉本瞬,左,京大以外,左,得点圏,2,真中,ストレート,真中,ゴロ,369,497
関西大学.csv,小村和大,右,京大以外,左,なし,1,内,ストレート,真中,フライ,246,357
関西大学.csv,渡邊貫太,左,京大以外,左,なし,0,真中,ストレート,真中,フライ,155,255
同志社大学.csv,知念大河,右,京大以外,右,なし,1,外,ストレート,低め,フライ,464,718
同志社大学.csv,齊藤佑征,左,京大以外,右,なし,0,内,ストレート,低め,ゴロ,529,432
同志社大学.csv,中森暁大,右,京大以外,右,なし,0,外,ストレート,低め,フライ,462,725
同志社大学.csv,中森暁大,右,京大以外,右,なし,2,真中,ストレート,真中,ゴロ,536,308
同志社大学.csv,牧原優太,左,京大以外,右,1塁,1,真中,ストレート,低め,ゴロ,250,440
関西大学.csv,山田悠平,右,京大以外,右,なし,1,真中,スライダー,真中,ゴロ,188,530
関西大学.csv,山田悠平,右,京大以外,右,なし,2,外,スライダー,真中,ゴロ,193,554
関西大学.csv,山田悠平,右,京大以外,右,なし,2,真中,スライダー,真中,フライ,74,351
関西大学.csv,山田悠平,右,京大以外,右,なし,2,外,スライダー,高め,フライ,233,549
関西大学.csv,中村莞爾,左,京大以外,右,なし,1,外,ストレート,高め,ライナー,553,300
関西大学.csv,久保慶太郎,右,京大以外,右,1塁,0,内,ストレート,低め,フライ,93,225
同志社大学.csv,影山智紀,右,京大以外,左,なし,2,外,ストレート,真中,ゴロ,434,372
同志社大学.csv,坂玲哉,右,京大以外,左,なし,2,真中,ストレート,低め,ライナー,414,721
同志社大学.csv,堀内太陽,右,京大以外,左,1塁,1,外,ストレート,低め,フライ,661,563
同志社大学.csv,堀内太陽,右,京大以外,左,1塁,2,外,ストレート,高め,フライ,461,731
関西大学.csv,渡邊貫太,左,京大以外,右,なし,1,外,フォーク,低め,ゴロ,346,329
関西大学.csv,宮本青空,左,京大以外,右,なし,2,外,フォーク,真中,フライ,289,717
関西大学.csv,宮本青空,左,京大以外,右,なし,2,外,フォーク,真中,ライナー,217,665
関西大学.csv,宮本青空,左,京大以外,右,なし,2,内,ストレート,真中,フライ,123,227
関西大学.csv,下井田悠人,左,京大以外,右,なし,2,真中,ストレート,真中,ゴロ,237,418
同志社大学.csv,大井海音,左,京大以外,左,なし,2,内,ストレート,高め,フライ,423,207
同志社大学.csv,知念大河,右,京大以外,左,なし,0,外,ストレート,真中,ライナー,410,712
同志社大学.csv,齊藤佑征,左,京大以外,左,なし,2,真中,ストレート,低め,ゴロ,356,319
同志社大学.csv,中森暁大,右,京大以外,左,なし,0,外,ストレート,真中,フライ,453,747
同志社大学.csv,中森暁大,右,京大以外,左,1塁,0,真中,ストレート,真中,フライ,429,729
同志社大学.csv,中森暁大,右,京大以外,左,1塁,1,外,ストレート,真中,フライ,432,734
同志社大学.csv,中森暁大,右,京大以外,左,1塁,2,真中,ストレート,高め,フライ,394,733
同志社大学.csv,中森暁大,右,京大以外,左,1塁,2,内,ストレート,低め,ゴロ,177,565
同志社大学.csv,中森暁大,右,京大以外,左,1塁,2,外,ストレート,低め,ライナー,683,362
同志社大学.csv,中森暁大,右,京大以外,左,1塁,2,外,ストレート,高め,フライ,423,121
関西学院大学.csv,高嶋奨哉,右,京大以外,右,なし,1,外,ストレート,真中,フライ,529,737
関西学院大学.csv,福谷宇楽,右,京大以外,右,なし,1,内,ストレート,高め,フライ,352,410
関西学院大学.csv,杉本瞬,左,京大以外,右,1塁,1,真中,ストレート,真中,ゴロ,485,361
関西学院大学.csv,畠山英士,右,京大以外,右,得点圏,0,外,ストレート,真中,ゴロ,367,628
関西学院大学.csv,畠山英士,右,京大以外,右,得点圏,1,内,ストレート,高め,ゴロ,138,588
関西大学.csv,小谷太誠,左,京大以外,左,なし,0,真中,ストレート,高め,フライ,297,734
関西大学.csv,小谷太誠,左,京大以外,左,なし,1,外,スライダー,真中,ゴロ,355,313
関西大学.csv,小村和大,右,京大以外,左,なし,0,真中,ストレート,高め,ライナー,235,344
関西大学.csv,渡邊貫太,左,京大以外,左,1塁,0,外,ストレート,高め,ライナー,120,669
関西大学.csv,渡邊貫太,左,京大以外,左,1塁,1,内,ストレート,真中,ゴロ,377,626
関西大学.csv,渡邊貫太,左,京大以外,左,1塁,2,内,ストレート,高め,フライ,319,731
関西学院大学.csv,中川将心,右,京大以外,右,なし,1,内,ストレート,真中,ライナー,400,240
関西学院大学.csv,高山隼,左,京大以外,右,1塁,1,内,ストレート,高め,フライ,409,252
関西学院大学.csv,高嶋奨哉,右,京大以外,右,得点圏,0,真中,ストレート,真中,フライ,38,437
関西学院大学.csv,福谷宇楽,右,京大以外,右,得点圏,0,内,ストレート,低め,ゴロ,260,495
関西学院大学.csv,杉本瞬,左,京大以外,右,得点圏,1,真中,ストレート,真中,フライ,376,209
関西大学.csv,余河航太,左,京大以外,左,得点圏,0,内,ストレート,真中,ゴロ,513,426
関西大学.csv,森内大奈,右,京大以外,左,得点圏,2,内,ストレート,低め,ゴロ,194,479
関西大学.csv,森内大奈,右,京大以外,左,得点圏,2,真中,フォーク,真中,フライ,673,545
関西大学.csv,森内大奈,右,京大以外,左,得点圏,2,真中,ストレート,低め,フライ,504,533
関西学院大学.csv,宮原大和,左,京大以外,右,なし,0,内,ストレート,高め,フライ,595,562
関西学院大学.csv,畠山英士,右,京大以外,右,なし,1,外,チェンジアップ,真中,フライ,400,206
関西大学.csv,山田悠平,左,京大以外,左,なし,1,外,ストレート,真中,フライ,310,145
関西大学.csv,小谷太誠,右,京大以外,左,なし,0,内,スライダー,真中,フライ,247,688
関西大学.csv,小村和大,右,京大以外,左,なし,2,外,ストレート,低め,ライナー,542,215
関西学院大学.csv,渡部遥斗,左,京大以外,右,得点圏,0,内,ストレート,低め,ライナー,646,226
関西学院大学.csv,中川将心,右,京大以外,右,なし,0,内,ストレート,真中,ゴロ,189,264
関西学院大学.csv,高山隼,左,京大以外,左,1塁,2,内,ストレート,高め,フライ,131,618
関西学院大学.csv,渡部遥斗,左,京大以外,左,1塁,2,内,ストレート,高め,フライ,145,486
関西学院大学.csv,渡部遥斗,左,京大以外,左,得点圏,1,真中,ストレート,真中,ゴロ,173,295
関西学院大学.csv,高嶋奨哉,右,京大以外,右,得点圏,2,外,スライダー,高め,フライ,452,738
関西学院大学.csv,高嶋奨哉,右,京大以外,右,得点圏,2,真中,ストレート,高め,ライナー,427,217
関西学院大学.csv,畠山英士,右,京大以外,左,得点圏,1,外,ストレート,真中,ゴロ,286,372
関西大学.csv,鹿熊大誠,右,京大以外,左,なし,1,外,フォーク,真中,ゴロ,190,278
関西大学.csv,渡邊貫太,左,京大以外,左,1塁,0,内,ストレート,真中,ゴロ,574,307
関西大学.csv,余河航太,左,京大以外,左,得点圏,0,真中,ストレート,高め,ゴロ,230,307
関西大学.csv,中村莞爾,左,京大以外,左,得点圏,1,内,スライダー,高め,フライ,443,434
関西大学.csv,下井田悠人,左,京大以外,左,得点圏,1,真中,ストレート,真中,ライナー,222,724
関西大学.csv,下井田悠人,左,京大以外,左,得点圏,2,真中,ストレート,真中,ゴロ,552,300
関西大学.csv,森内大奈,右,京大以外,左,得点圏,0,内,ストレート,低め,フライ,558,663
関西大学.csv,森内大奈,右,京大以外,左,得点圏,2,外,フォーク,真中,フライ,744,345
関西大学.csv,森内大奈,右,京大以外,左,得点圏,2,真中,フォーク,高め,フライ,663,398
関西学院大学.csv,黒田颯大,右,京大以外,左,なし,2,真中,ストレート,低め,ゴロ,213,278
関西学院大学.csv,渡部遥斗,左,京大以外,左,得点圏,1,真中,ストレート,高め,ライナー,144,628
関西学院大学.csv,高嶋奨哉,右,京大以外,左,得点圏,1,内,ストレート,高め,フライ,75,312
関西大学.csv,金森洸喜,左,京大以外,右,なし,0,内,ストレート,真中,ライナー,141,630
関西大学.csv,渡邊貫太,左,京大以外,右,得点圏,1,真中,ストレート,低め,フライ,10,394
関西大学.csv,余河航太,左,京大以外,右,得点圏,1,外,チェンジアップ,低め,ライナー,265,289
関西大学.csv,中村莞爾,左,京大以外,右,得点圏,2,真中,ストレート,真中,ゴロ,466,358
関西大学.csv,渡邊貫太,左,京大以外,左,なし,0,真中,スライダー,低め,ライナー,70,425
関西大学.csv,渡邊貫太,左,京大以外,左,なし,1,真中,スライダー,低め,フライ,135,240
関西大学.csv,余河航太,左,京大以外,左,なし,1,真中,フォーク,真中,フライ,261,202
関西大学.csv,中村莞爾,左,京大以外,左,なし,1,内,ストレート,真中,ゴロ,373,489
関西学院大学.csv,中川将心,右,京大以外,左,なし,1,真中,ストレート,真中,フライ,584,246
関西学院大学.csv,高山隼,左,京大以外,左,なし,2,外,スライダー,低め,ゴロ,362,628
関西学院大学.csv,高山隼,左,京大以外,左,なし,2,真中,スライダー,低め,ライナー,500,290
関西学院大学.csv,渡部遥斗,左,京大以外,左,1塁,1,真中,スライダー,真中,ライナー,513,301
関西学院大学.csv,福谷宇楽,右,京大以外,左,得点圏,0,外,スライダー,低め,ゴロ,328,377
関西学院大学.csv,永仮晃大,左,京大以外,左,得点圏,1,内,ストレート,真中,ライナー,291,731
関西学院大学.csv,永仮晃大,左,京大以外,左,得点圏,2,内,ストレート,高め,フライ,104,531
関西学院大学.csv,永仮晃大,左,京大以外,左,得点圏,2,真中,ストレート,真中,フライ,280,738
関西学院大学.csv,永仮晃大,左,京大以外,左,得点圏,2,内,ストレート,真中,フライ,86,483
関西学院大学.csv,宮原大和,左,京大以外,左,得点圏,0,内,ストレート,高め,ライナー,373,645
関西学院大学.csv,宮原大和,左,京大以外,左,得点圏,2,内,ストレート,高め,ゴロ,663,464
関西学院大学.csv,宮原大和,左,京大以外,左,得点圏,2,内,ストレート,真中,ゴロ,510,411
関西学院大学.csv,永仮晃大,左,京大以外,左,得点圏,2,内,ストレート,高め,フライ,672,196
関西大学.csv,下井田悠人,左,京大以外,左,なし,0,外,スライダー,真中,フライ,72,466
関西大学.csv,山田悠平,右,京大以外,左,得点圏,0,内,スライダー,真中,ライナー,249,454
関西大学.csv,小村和大,右,京大以外,左,得点圏,2,内,ストレート,高め,フライ,386,473
関西学院大学.csv,小林舜,左,京大以外,右,なし,0,真中,ストレート,真中,ゴロ,500,359
関西大学.csv,山路朝大,左,京大以外,左,なし,0,真中,スライダー,真中,ライナー,375,230
関西大学.csv,渡邊貫太,左,京大以外,左,1塁,0,内,ストレート,真中,ゴロ,297,495
関西大学.csv,余河航太,左,京大以外,左,得点圏,0,内,ストレート,高め,ゴロ,219,294
関西大学.csv,中村莞爾,左,京大以外,左,得点圏,1,外,スライダー,真中,フライ,38,519
関西大学.csv,中村莞爾,左,京大以外,左,得点圏,2,内,ストレート,真中,ゴロ,237,292
立命館大学.csv,福井一颯,右,京大以外,右,なし,1,真中,ストレート,真中,フライ,447,743
立命館大学.csv,福井一颯,右,京大以外,右,なし,2,真中,ストレート,真中,フライ,523,291
近畿大学.csv,勝田成,左,京大以外,左,なし,0,真中,ストレート,低め,ゴロ,431,332
近畿大学.csv,三木太介,右,京大以外,左,なし,1,外,スライダー,低め,ゴロ,147,510
近畿大学.csv,阪上翔也,左,京大以外,左,なし,1,真中,ストレート,真中,ゴロ,218,249
近畿大学.csv,伊藤愛都,左,京大以外,左,1塁,2,外,スライダー,低め,フライ,159,671
立命館大学.csv,野寺快,左,京大以外,右,なし,1,真中,ストレート,真中,ライナー,297,740
立命館大学.csv,田中隼人,右,京大以外,右,なし,0,真中,ストレート,真中,フライ,505,744
立命館大学.csv,田中隼人,右,京大以外,右,なし,2,外,ストレート,低め,フライ,554,739
立命館大学.csv,田中隼人,右,京大以外,右,なし,2,外,ストレート,真中,フライ,552,728
立命館大学.csv,田中隼人,右,京大以外,右,なし,2,外,ストレート,真中,フライ,619,295
立命館大学.csv,西野啓也,右,京大以外,右,なし,1,真中,カーブ,低め,フライ,512,133
近畿大学.csv,田村好誠,右,京大以外,右,なし,2,外,スライダー,真中,ライナー,660,669
近畿大学.csv,田村好誠,右,京大以外,右,なし,2,真中,ストレート,真中,ゴロ,192,286
近畿大学.csv,酒井優夢,右,京大以外,右,得点圏,1,外,スライダー,低め,ライナー,399,725
近畿大学.csv,酒井優夢,右,京大以外,右,得点圏,2,外,スライダー,低め,ゴロ,213,268
近畿大学.csv,谷本颯太,左,京大以外,左,得点圏,0,外,ストレート,真中,フライ,7,382
近畿大学.csv,谷本颯太,左,京大以外,左,得点圏,2,真中,ストレート,真中,ゴロ,651,514
近畿大学.csv,勝田成,左,京大以外,左,得点圏,0,真中,ストレート,真中,ゴロ,539,306
近畿大学.csv,三木太介,右,京大以外,右,得点圏,0,外,ストレート,真中,フライ,396,86
近畿大学.csv,阪上翔也,左,京大以外,右,1塁,0,内,ストレート,高め,フライ,741,380
近畿大学.csv,阪上翔也,左,京大以外,右,得点圏,2,外,カーブ,低め,ゴロ,421,366
近畿大学.csv,伊藤愛都,左,京大以外,右,得点圏,0,真中,スライダー,低め,ゴロ,561,275
近畿大学.csv,久保尊,左,京大以外,右,得点圏,0,内,ストレート,真中,フライ,322,740
近畿大学.csv,久保尊,左,京大以外,右,得点圏,0,内,ストレート,低め,ゴロ,591,710
立命館大学.csv,岩間倫太朗,左,京大以外,右,得点圏,2,内,ストレート,高め,フライ,381,353
立命館大学.csv,坂下晴翔,左,京大以外,右,なし,0,真中,ストレート,低め,ゴロ,364,315
立命館大学.csv,川端一正,左,京大以外,右,1塁,2,外,ストレート,真中,フライ,1,281
立命館大学.csv,川端一正,左,京大以外,右,1塁,2,外,ストレート,高め,ゴロ,234,445
立命館大学.csv,岩間倫太朗,左,京大以外,右,得点圏,0,外,ストレート,高め,フライ,168,707
立命館大学.csv,岩間倫太朗,左,京大以外,右,得点圏,1,真中,ストレート,低め,ゴロ,457,352
立命館大学.csv,星野大和,右,京大以外,右,得点圏,2,外,スライダー,高め,フライ,625,686
立命館大学.csv,星野大和,右,京大以外,右,得点圏,2,外,スライダー,真中,ゴロ,378,634
立命館大学.csv,福井一颯,右,京大以外,右,得点圏,1,外,ストレート,真中,フライ,737,444
立命館大学.csv,福井一颯,右,京大以外,右,得点圏,2,真中,スライダー,真中,フライ,352,198
近畿大学.csv,谷本颯太,左,京大以外,左,なし,1,内,スライダー,高め,フライ,335,213
近畿大学.csv,勝田成,左,京大以外,左,なし,1,内,スライダー,真中,ゴロ,244,364
近畿大学.csv,三木太介,右,京大以外,左,なし,2,真中,ストレート,低め,ゴロ,463,343
立命館大学.csv,野寺快,左,京大以外,右,なし,1,外,ストレート,高め,フライ,106,609
立命館大学.csv,野寺快,左,京大以外,右,なし,2,真中,ストレート,高め,フライ,64,645
立命館大学.csv,野寺快,左,京大以外,右,なし,2,内,スライダー,低め,ゴロ,639,578
立命館大学.csv,野寺快,左,京大以外,右,なし,2,真中,ストレート,高め,フライ,59,445
立命館大学.csv,田中隼人,右,京大以外,右,なし,1,外,ストレート,真中,ゴロ,396,315
立命館大学.csv,西野啓也,右,京大以外,右,なし,0,外,ストレート,真中,ゴロ,438,333
近畿大学.csv,阪上翔也,左,京大以外,左,なし,0,外,スライダー,高め,フライ,43,500
近畿大学.csv,伊藤愛都,左,京大以外,左,なし,2,外,スライダー,低め,フライ,262,185
近畿大学.csv,久保尊,左,京大以外,左,なし,2,外,ストレート,真中,ライナー,218,309
近畿大学.csv,田村好誠,右,京大以外,左,なし,1,真中,ストレート,真中,フライ,474,742
近畿大学.csv,田村好誠,右,京大以外,左,なし,2,真中,スライダー,低め,ゴロ,661,454
近畿大学.csv,田村好誠,右,京大以外,左,なし,2,内,ストレート,高め,ゴロ,255,419
立命館大学.csv,川端一正,左,京大以外,右,得点圏,2,真中,ストレート,真中,ゴロ,447,338
立命館大学.csv,星野大和,右,京大以外,右,1塁,0,外,スライダー,真中,フライ,571,182
近畿大学.csv,谷本颯太,左,京大以外,左,なし,1,真中,フォーク,低め,ゴロ,431,224
近畿大学.csv,勝田成,左,京大以外,左,1塁,1,外,ストレート,真中,ゴロ,181,290
立命館大学.csv,福井一颯,右,京大以外,右,なし,2,外,スライダー,低め,フライ,567,383
立命館大学.csv,野寺快,左,京大以外,右,なし,1,外,ストレート,真中,フライ,86,625
立命館大学.csv,野寺快,左,京大以外,右,なし,2,外,ストレート,高め,フライ,84,662
立命館大学.csv,野寺快,左,京大以外,右,なし,2,内,ストレート,低め,ゴロ,512,345
立命館大学.csv,西野啓也,右,京大以外,右,1塁,0,真中,スライダー,真中,ライナー,196,452
立命館大学.csv,坂下晴翔,左,京大以外,右,1塁,0,真中,ストレート,高め,フライ,315,735
近畿大学.csv,阪上翔也,左,京大以外,左,なし,1,真中,ストレート,真中,ゴロ,477,376
近畿大学.csv,伊藤愛都,左,京大以外,左,なし,1,真中,ストレート,低め,ゴロ,522,497
近畿大学.csv,久保尊,左,京大以外,左,得点圏,2,内,スライダー,真中,ゴロ,545,457
近畿大学.csv,田村好誠,右,京大以外,左,1塁,1,真中,ストレート,高め,ゴロ,504,277
近畿大学.csv,谷本颯太,左,京大以外,左,なし,2,真中,ストレート,高め,フライ,127,742
近畿大学.csv,谷本颯太,左,京大以外,左,なし,2,内,スライダー,低め,フライ,347,254
近畿大学.csv,勝田成,左,京大以外,左,なし,1,内,スライダー,真中,ゴロ,373,625
近畿大学.csv,勝田成,左,京大以外,左,なし,2,内,ストレート,低め,ゴロ,572,293
近畿大学.csv,三木太介,右,京大以外,左,1塁,1,真中,スライダー,真中,ゴロ,407,324
立命館大学.csv,坂下晴翔,左,京大以外,右,なし,1,外,チェンジアップ,真中,ゴロ,248,463
立命館大学.csv,川端一正,左,京大以外,右,なし,0,真中,ストレート,高め,フライ,129,243
立命館大学.csv,岩間倫太朗,左,京大以外,右,なし,1,真中,チェンジアップ,低め,ゴロ,419,520
近畿大学.csv,阪上翔也,左,京大以外,左,なし,1,内,チェンジアップ,真中,ゴロ,467,357
近畿大学.csv,久保尊,左,京大以外,左,なし,1,真中,ストレート,真中,ライナー,38,405
近畿大学.csv,田村好誠,右,京大以外,左,1塁,1,内,ストレート,高め,ゴロ,258,429
立命館大学.csv,星野大和,右,京大以外,右,なし,0,真中,ストレート,高め,ライナー,664,509
立命館大学.csv,西野啓也,右,京大以外,右,なし,0,内,チェンジアップ,低め,ゴロ,246,463
立命館大学.csv,野寺快,左,京大以外,右,なし,2,外,ストレート,真中,ライナー,56,670
立命館大学.csv,野寺快,左,京大以外,右,なし,2,内,チェンジアップ,低め,ライナー,578,389
近畿大学.csv,永井士航,左,京大以外,左,なし,2,外,ストレート,真中,ライナー,601,724
近畿大学.csv,永井士航,左,京大以外,左,なし,2,外,チェンジアップ,真中,ゴロ,336,341
近畿大学.csv,谷本颯太,左,京大以外,左,得点圏,1,外,ストレート,真中,ゴロ,350,511
近畿大学.csv,勝田成,左,京大以外,左,得点圏,0,外,ストレート,真中,ライナー,192,306
立命館大学.csv,坂下晴翔,左,京大以外,右,なし,1,真中,ストレート,真中,ライナー,309,745
立命館大学.csv,坂下晴翔,左,京大以外,右,なし,2,真中,チェンジアップ,低め,ゴロ,533,360
立命館大学.csv,岩間倫太朗,左,京大以外,右,得点圏,1,外,ストレート,真中,ライナー,29,705
立命館大学.csv,岩間倫太朗,左,京大以外,右,得点圏,2,真中,ストレート,高め,ライナー,383,244
近畿大学.csv,阪上翔也,左,京大以外,左,なし,1,外,ストレート,真中,ライナー,367,632
近畿大学.csv,阪上翔也,左,京大以外,左,なし,2,外,スライダー,低め,フライ,300,743
近畿大学.csv,阪上翔也,左,京大以外,左,なし,2,内,ストレート,真中,フライ,180,686
近畿大学.csv,伊藤愛都,左,京大以外,左,なし,2,外,スライダー,低め,フライ,69,641
近畿大学.csv,伊藤愛都,左,京大以外,左,なし,2,外,スライダー,真中,ライナー,305,742
近畿大学.csv,伊藤愛都,左,京大以外,左,なし,2,内,ストレート,真中,ライナー,84,548
近畿大学.csv,伊藤愛都,左,京大以外,左,なし,2,真中,ストレート,真中,ライナー,225,723
近畿大学.csv,伊藤愛都,左,京大以外,左,なし,2,内,スライダー,真中,ゴロ,647,478
近畿大学.csv,伊藤愛都,左,京大以外,左,なし,2,外,ストレート,高め,ライナー,280,731
近畿大学.csv,伊藤愛都,左,京大以外,左,なし,2,真中,スライダー,低め,ゴロ,373,629
近畿大学.csv,久保尊,左,京大以外,左,なし,0,真中,ストレート,真中,ゴロ,356,644
近畿大学.csv,久保尊,左,京大以外,左,なし,2,外,スライダー,低め,フライ,363,307
立命館大学.csv,星野大和,右,京大以外,右,なし,0,外,スライダー,低め,ゴロ,487,359
立命館大学.csv,西野啓也,右,京大以外,右,なし,0,真中,ストレート,高め,フライ,443,745
立命館大学.csv,西野啓也,右,京大以外,右,なし,0,外,チェンジアップ,低め,フライ,370,228
立命館大学.csv,田中隼人,右,京大以外,右,なし,2,外,スライダー,真中,フライ,665,337
近畿大学.csv,田村好誠,右,京大以外,左,なし,1,内,ストレート,高め,ゴロ,333,365
立命館大学.csv,田中隼人,右,京大以外,右,なし,2,真中,スライダー,真中,フライ,559,739
立命館大学.csv,田中隼人,右,京大以外,右,なし,2,真中,ストレート,高め,フライ,573,340
立命館大学.csv,坂下晴翔,左,京大以外,右,1塁,0,真中,チェンジアップ,低め,ライナー,613,366
立命館大学.csv,川端一正,左,京大以外,右,1塁,1,真中,ストレート,高め,ライナー,372,744
立命館大学.csv,川端一正,左,京大以外,右,1塁,2,内,ストレート,低め,ライナー,419,393
近畿大学.csv,谷本颯太,左,京大以外,左,なし,0,外,ストレート,真中,ライナー,178,365
近畿大学.csv,勝田成,左,京大以外,左,1塁,2,外,ストレート,真中,ゴロ,349,344
近畿大学.csv,阪上翔也,左,京大以外,左,得点圏,0,外,ストレート,真中,ゴロ,373,253
近畿大学.csv,伊藤愛都,左,京大以外,左,1塁,1,外,スライダー,真中,ゴロ,509,508
立命館大学.csv,岩間倫太朗,左,京大以外,右,なし,0,外,ストレート,真中,ライナー,317,742
立命館大学.csv,岩間倫太朗,左,京大以外,右,なし,2,外,ストレート,高め,ゴロ,421,317
立命館大学.csv,西野啓也,右,京大以外,右,なし,0,真中,ストレート,低め,ゴロ,213,470
近畿大学.csv,久保尊,左,京大以外,左,なし,1,外,ストレート,真中,フライ,12,485
近畿大学.csv,久保尊,左,京大以外,左,なし,2,外,スライダー,低め,ゴロ,415,364
近畿大学.csv,八幡大介,左,京大以外,左,なし,1,外,ストレート,真中,フライ,16,671
立命館大学.csv,野寺快,左,京大以外,右,なし,0,真中,ストレート,低め,ライナー,366,642
立命館大学.csv,田中隼人,右,京大以外,右,得点圏,0,真中,ストレート,高め,ライナー,358,332
関西学院大学.csv,福谷宇楽,右,京大以外,左,得点圏,0,真中,ストレート,真中,ゴロ,168,553
関西学院大学.csv,福谷宇楽,右,京大以外,左,得点圏,1,外,ストレート,真中,フライ,443,210
関西学院大学.csv,宮原大和,左,京大以外,左,得点圏,0,内,ストレート,真中,ゴロ,585,529
関西学院大学.csv,宮原大和,左,京大以外,左,得点圏,2,内,スライダー,真中,ライナー,196,642
近畿大学.csv,谷本颯太,左,京大以外,左,なし,2,外,ストレート,低め,ゴロ,352,234
近畿大学.csv,勝田成,左,京大以外,左,1塁,2,真中,ストレート,高め,フライ,281,737
近畿大学.csv,勝田成,左,京大以外,左,1塁,2,内,ストレート,真中,フライ,266,732
近畿大学.csv,勝田成,左,京大以外,左,1塁,2,外,ストレート,高め,ライナー,347,661
近畿大学.csv,勝田成,左,京大以外,左,1塁,2,外,カーブ,真中,ゴロ,409,373
近畿大学.csv,三木太介,右,京大以外,左,得点圏,0,外,ストレート,高め,フライ,375,728
関西学院大学.csv,高嶋奨哉,右,京大以外,左,なし,1,内,ストレート,低め,フライ,11,373
関西学院大学.csv,西垣琉空,右,京大以外,左,得点圏,0,真中,ストレート,真中,フライ,244,207
関西学院大学.csv,山口称大,左,京大以外,左,得点圏,0,真中,ストレート,真中,ゴロ,587,548
関西学院大学.csv,山口称大,左,京大以外,左,得点圏,1,内,スライダー,低め,ゴロ,290,349
近畿大学.csv,米崎薫暉,右,京大以外,左,なし,2,真中,カーブ,低め,ゴロ,514,422
近畿大学.csv,八幡大介,左,京大以外,左,なし,1,真中,ストレート,真中,ライナー,313,724
近畿大学.csv,岸本紘一,右,京大以外,左,なし,1,真中,カーブ,低め,ゴロ,236,538
近畿大学.csv,岸本紘一,右,京大以外,左,なし,2,内,ストレート,低め,ゴロ,228,638
近畿大学.csv,岸本紘一,右,京大以外,左,なし,2,真中,ストレート,真中,ゴロ,256,369
近畿大学.csv,勝田成,左,京大以外,左,得点圏,0,真中,ストレート,高め,フライ,375,729
近畿大学.csv,勝田成,左,京大以外,左,得点圏,1,真中,ストレート,高め,フライ,50,524
近畿大学.csv,勝田成,左,京大以外,左,得点圏,2,外,フォーク,低め,フライ,274,335
関西学院大学.csv,渡部遥斗,左,京大以外,左,なし,1,真中,ストレート,高め,ゴロ,348,336
関西学院大学.csv,福谷宇楽,右,京大以外,左,1塁,0,内,スライダー,真中,フライ,245,597
近畿大学.csv,野間翔一郎,左,京大以外,左,なし,0,外,ストレート,真中,ライナー,277,722
近畿大学.csv,野間翔一郎,左,京大以外,左,なし,2,外,スライダー,真中,ライナー,125,601
近畿大学.csv,野間翔一郎,左,京大以外,左,なし,2,内,ストレート,高め,ライナー,338,736
近畿大学.csv,野間翔一郎,左,京大以外,左,なし,2,真中,ストレート,真中,フライ,468,125
近畿大学.csv,阪上翔也,左,京大以外,左,なし,0,外,ストレート,高め,ゴロ,413,231
近畿大学.csv,三木太介,右,京大以外,左,1塁,0,外,ストレート,真中,フライ,612,531
近畿大学.csv,米崎薫暉,右,京大以外,左,得点圏,1,真中,ストレート,高め,フライ,51,358
関西学院大学.csv,高嶋奨哉,右,京大以外,左,なし,0,外,ストレート,真中,フライ,580,685
関西学院大学.csv,永仮晃大,左,京大以外,左,なし,1,内,ストレート,真中,フライ,371,161
近畿大学.csv,八幡大介,左,京大以外,左,なし,1,内,カーブ,低め,フライ,130,343
近畿大学.csv,酒井優夢,右,京大以外,左,なし,0,真中,ストレート,高め,ライナー,411,745
近畿大学.csv,酒井優夢,右,京大以外,左,なし,2,外,ストレート,真中,フライ,720,651
近畿大学.csv,酒井優夢,右,京大以外,左,なし,2,外,ストレート,真中,フライ,725,682
近畿大学.csv,勝田成,左,京大以外,左,なし,2,外,ストレート,高め,ゴロ,267,373
立命館大学.csv,坂下晴翔,左,京大以外,左,なし,1,内,ストレート,高め,フライ,289,748
立命館大学.csv,坂下晴翔,左,京大以外,左,なし,2,真中,スライダー,真中,ライナー,136,676
立命館大学.csv,坂下晴翔,左,京大以外,左,なし,2,外,ストレート,真中,ライナー,268,424
立命館大学.csv,川端一正,左,京大以外,左,なし,1,内,ストレート,真中,フライ,25,713
立命館大学.csv,岩間倫太朗,左,京大以外,左,なし,2,内,ストレート,真中,ゴロ,308,508
近畿大学.csv,阪上翔也,左,京大以外,左,なし,1,真中,スライダー,真中,フライ,345,312
近畿大学.csv,伊藤愛都,左,京大以外,左,なし,1,真中,ストレート,真中,フライ,204,389
近畿大学.csv,久保尊,左,京大以外,左,なし,1,真中,ストレート,真中,フライ,257,738
近畿大学.csv,久保尊,左,京大以外,左,なし,1,真中,スライダー,低め,ゴロ,480,735
近畿大学.csv,久保尊,左,京大以外,左,なし,1,真中,ストレート,低め,フライ,213,739
関西学院大学.csv,西垣琉空,右,京大以外,左,なし,0,真中,ストレート,高め,フライ,374,735
関西学院大学.csv,山口称大,左,京大以外,左,なし,0,真中,スライダー,低め,ゴロ,559,590
関西学院大学.csv,山口称大,左,京大以外,左,なし,1,真中,スライダー,低め,フライ,736,300
関西学院大学.csv,山口称大,左,京大以外,左,なし,1,外,ストレート,真中,ゴロ,436,339
近畿大学.csv,谷本颯太,左,京大以外,左,なし,0,外,ストレート,低め,ライナー,172,294
近畿大学.csv,勝田成,左,京大以外,左,1塁,1,外,ストレート,低め,ゴロ,293,361
近畿大学.csv,阪上翔也,左,京大以外,左,得点圏,1,真中,フォーク,高め,フライ,619,193
近畿大学.csv,三木太介,右,京大以外,左,得点圏,1,外,ストレート,高め,ライナー,727,404
近畿大学.csv,三木太介,右,京大以外,左,得点圏,2,内,ストレート,真中,フライ,420,508
立命館大学.csv,坂下晴翔,左,京大以外,左,なし,1,真中,ストレート,低め,ゴロ,362,646
立命館大学.csv,坂下晴翔,左,京大以外,左,なし,2,真中,チェンジアップ,低め,ライナー,147,367
立命館大学.csv,川端一正,左,京大以外,左,得点圏,2,真中,ストレート,高め,フライ,336,746
立命館大学.csv,川端一正,左,京大以外,左,得点圏,2,外,スライダー,低め,ゴロ,497,362
立命館大学.csv,岩間倫太朗,左,京大以外,左,得点圏,1,真中,ストレート,高め,ゴロ,353,495
立命館大学.csv,星野大和,右,京大以外,左,1塁,1,外,チェンジアップ,低め,フライ,707,483
立命館大学.csv,星野大和,右,京大以外,左,1塁,2,真中,ストレート,真中,ゴロ,461,338
近畿大学.csv,谷本颯太,左,京大以外,左,なし,1,真中,ストレート,真中,ゴロ,354,239
近畿大学.csv,野間翔一郎,左,京大以外,左,得点圏,0,真中,ストレート,高め,フライ,401,112
近畿大学.csv,三木太介,右,京大以外,左,得点圏,0,真中,ストレート,真中,フライ,384,741
近畿大学.csv,三木太介,右,京大以外,左,得点圏,1,外,スライダー,低め,フライ,382,231
近畿大学.csv,伊藤愛都,左,京大以外,左,得点圏,2,外,スライダー,低め,ゴロ,366,636
近畿大学.csv,伊藤愛都,左,京大以外,左,得点圏,2,内,スライダー,真中,ゴロ,509,596
近畿大学.csv,伊藤愛都,左,京大以外,左,得点圏,2,外,スライダー,真中,ゴロ,492,458
立命館大学.csv,西野啓也,右,京大以外,左,なし,2,外,ストレート,真中,ライナー,534,299
立命館大学.csv,西野啓也,右,京大以外,左,なし,0,真中,チェンジアップ,真中,ライナー,165,429
立命館大学.csv,福井一颯,右,京大以外,左,得点圏,1,外,チェンジアップ,低め,フライ,574,462
立命館大学.csv,田中隼人,右,京大以外,左,得点圏,1,外,ストレート,高め,フライ,559,461
近畿大学.csv,八幡大介,左,京大以外,左,なし,1,真中,ストレート,真中,ゴロ,298,375
立命館大学.csv,岩間倫太朗,左,京大以外,左,得点圏,1,真中,ストレート,低め,ゴロ,292,366
近畿大学.csv,谷本颯太,左,京大以外,左,なし,1,外,ストレート,低め,フライ,2,345
近畿大学.csv,谷本颯太,左,京大以外,左,なし,2,外,スライダー,低め,ライナー,373,487
近畿大学.csv,勝田成,左,京大以外,左,なし,0,真中,ストレート,真中,ゴロ,532,481
近畿大学.csv,野間翔一郎,左,京大以外,左,なし,0,内,ストレート,高め,フライ,11,446
近畿大学.csv,野間翔一郎,左,京大以外,左,なし,2,真中,スライダー,低め,ライナー,268,196
近畿大学.csv,阪上翔也,左,京大以外,左,得点圏,1,真中,スライダー,真中,ゴロ,558,300
関西学院大学.csv,渡部遥斗,左,京大以外,左,なし,1,外,ストレート,真中,ゴロ,156,566
関西学院大学.csv,渡部遥斗,左,京大以外,左,なし,2,内,ストレート,高め,ライナー,64,411
関西学院大学.csv,高山隼,左,京大以外,左,なし,1,真中,スライダー,低め,ゴロ,509,420
関西学院大学.csv,福谷宇楽,右,京大以外,左,なし,0,真中,ストレート,低め,ライナー,648,529
関西学院大学.csv,福谷宇楽,右,京大以外,左,なし,1,外,ストレート,真中,ゴロ,343,396
関西学院大学.csv,宮原大和,左,京大以外,左,1塁,0,真中,ストレート,真中,ライナー,301,731
関西学院大学.csv,宮原大和,左,京大以外,左,1塁,1,内,ストレート,真中,フライ,435,180
近畿大学.csv,山ｱ帆大,右,京大以外,左,得点圏,2,外,ストレート,高め,フライ,552,305
関西学院大学.csv,高嶋奨哉,右,京大以外,右,なし,0,内,ストレート,低め,ゴロ,153,577
関西学院大学.csv,高嶋奨哉,右,京大以外,右,なし,1,内,ストレート,低め,ゴロ,321,373
関西学院大学.csv,永仮晃大,左,京大以外,右,なし,0,真中,ストレート,低め,ライナー,172,339
関西学院大学.csv,中川将心,右,京大以外,右,得点圏,1,真中,ストレート,低め,フライ,721,446
近畿大学.csv,谷本颯太,左,京大以外,左,なし,1,真中,ストレート,高め,ライナー,221,691
近畿大学.csv,谷本颯太,左,京大以外,左,なし,2,真中,ストレート,高め,ゴロ,297,363
近畿大学.csv,勝田成,左,京大以外,左,なし,2,真中,スライダー,高め,フライ,33,419
近畿大学.csv,勝田成,左,京大以外,左,なし,2,真中,ストレート,真中,ゴロ,412,372
近畿大学.csv,阪上翔也,左,京大以外,左,1塁,2,真中,フォーク,低め,ゴロ,576,496
近畿大学.csv,阪上翔也,左,京大以外,左,1塁,2,内,ストレート,低め,フライ,447,240
近畿大学.csv,三木太介,右,京大以外,左,得点圏,1,外,ストレート,低め,フライ,370,741
立命館大学.csv,星野大和,右,京大以外,左,得点圏,1,真中,スライダー,真中,ゴロ,558,300
立命館大学.csv,星野大和,右,京大以外,左,なし,2,真中,チェンジアップ,低め,ゴロ,372,636
立命館大学.csv,星野大和,右,京大以外,左,なし,2,内,ストレート,真中,ゴロ,403,466
立命館大学.csv,西野啓也,右,京大以外,左,なし,2,外,ストレート,高め,フライ,398,744
立命館大学.csv,西野啓也,右,京大以外,左,なし,2,外,ストレート,高め,フライ,383,743
立命館大学.csv,野寺快,左,京大以外,左,なし,0,真中,ストレート,真中,ゴロ,470,348
近畿大学.csv,三木太介,右,京大以外,左,なし,0,内,ストレート,真中,ゴロ,231,422
近畿大学.csv,伊藤愛都,左,京大以外,左,なし,2,真中,ストレート,真中,ライナー,23,462
近畿大学.csv,伊藤愛都,左,京大以外,左,なし,2,内,ストレート,真中,フライ,583,361
近畿大学.csv,米崎薫暉,右,京大以外,左,なし,0,真中,ストレート,高め,フライ,512,737
立命館大学.csv,福井一颯,右,京大以外,左,なし,1,真中,ストレート,高め,フライ,517,576
立命館大学.csv,田中隼人,右,京大以外,左,なし,1,外,ストレート,真中,フライ,598,235
近畿大学.csv,八幡大介,左,京大以外,左,なし,2,外,ストレート,高め,ゴロ,362,314
近畿大学.csv,谷本颯太,左,京大以外,左,得点圏,1,外,ストレート,高め,ゴロ,370,324
近畿大学.csv,勝田成,左,京大以外,左,得点圏,1,真中,ストレート,真中,ゴロ,554,452
近畿大学.csv,勝田成,左,京大以外,左,得点圏,2,真中,ストレート,真中,フライ,66,675
近畿大学.csv,勝田成,左,京大以外,左,得点圏,2,真中,スライダー,低め,ゴロ,530,430
関西学院大学.csv,角野健士,左,京大以外,右,なし,1,外,ストレート,真中,フライ,288,723
関西学院大学.csv,角野健士,左,京大以外,右,なし,2,真中,ストレート,高め,フライ,100,560
関西学院大学.csv,角野健士,左,京大以外,右,なし,2,内,ストレート,高め,ライナー,184,649
関西学院大学.csv,角野健士,左,京大以外,右,なし,2,外,ストレート,低め,フライ,160,491
関西学院大学.csv,渡部遥斗,左,京大以外,右,なし,0,真中,スライダー,真中,ライナー,322,725
関西学院大学.csv,渡部遥斗,左,京大以外,右,なし,1,内,スライダー,低め,ゴロ,455,346
関西学院大学.csv,高山隼,左,京大以外,右,なし,1,真中,ストレート,真中,フライ,248,704
関西学院大学.csv,高山隼,左,京大以外,右,なし,2,真中,ストレート,高め,フライ,90,549
関西学院大学.csv,高山隼,左,京大以外,右,なし,2,外,ストレート,真中,フライ,209,689
関西学院大学.csv,高山隼,左,京大以外,右,なし,2,真中,ストレート,低め,ライナー,214,294
関西学院大学.csv,福谷宇楽,右,京大以外,右,1塁,0,外,ストレート,真中,フライ,707,511
関西学院大学.csv,福谷宇楽,右,京大以外,右,1塁,1,外,ストレート,高め,フライ,714,564
関西学院大学.csv,福谷宇楽,右,京大以外,右,1塁,2,外,ストレート,高め,フライ,702,541
関西学院大学.csv,福谷宇楽,右,京大以外,右,1塁,2,内,ストレート,低め,ゴロ,178,494
関西学院大学.csv,福谷宇楽,右,京大以外,右,1塁,2,内,ストレート,真中,ゴロ,196,453
関西学院大学.csv,高嶋奨哉,右,京大以外,左,得点圏,1,外,ストレート,低め,ゴロ,234,423
近畿大学.csv,田村好誠,右,京大以外,左,なし,1,真中,カーブ,低め,ゴロ,233,449
近畿大学.csv,山ｱ帆大,右,京大以外,左,1塁,1,外,ストレート,高め,フライ,533,581
関西学院大学.csv,永仮晃大,左,京大以外,左,なし,1,内,ストレート,高め,ゴロ,182,611
関西学院大学.csv,西垣琉空,右,京大以外,左,なし,1,外,ストレート,真中,ゴロ,274,364
関西学院大学.csv,畠山英士,右,京大以外,左,なし,1,内,スライダー,低め,ゴロ,219,641
関西学院大学.csv,畠山英士,右,京大以外,左,なし,2,真中,ストレート,低め,ライナー,254,303
関西学院大学.csv,小林舜,左,京大以外,左,1塁,0,内,ストレート,低め,フライ,204,596
立命館大学.csv,坂下晴翔,左,京大以外,左,なし,0,内,ストレート,高め,ゴロ,501,746
立命館大学.csv,坂下晴翔,左,京大以外,左,なし,1,内,ストレート,真中,ゴロ,659,463
立命館大学.csv,坂下晴翔,左,京大以外,左,なし,2,内,チェンジアップ,高め,ゴロ,639,543
立命館大学.csv,坂下晴翔,左,京大以外,左,なし,2,外,スライダー,真中,フライ,60,538
立命館大学.csv,川端一正,左,京大以外,左,なし,0,真中,ストレート,真中,フライ,151,257
立命館大学.csv,岩間倫太朗,左,京大以外,左,なし,0,内,ストレート,真中,ゴロ,378,628
立命館大学.csv,岩間倫太朗,左,京大以外,左,なし,2,内,チェンジアップ,高め,フライ,509,731
立命館大学.csv,岩間倫太朗,左,京大以外,左,なし,2,外,ストレート,高め,ライナー,251,412
近畿大学.csv,野間翔一郎,左,京大以外,左,なし,0,内,ストレート,高め,フライ,241,749
近畿大学.csv,阪上翔也,左,京大以外,左,なし,0,内,スライダー,高め,フライ,342,750
近畿大学.csv,阪上翔也,左,京大以外,左,なし,1,内,スライダー,高め,ライナー,399,236
近畿大学.csv,三木太介,右,京大以外,左,1塁,2,真中,ストレート,高め,ライナー,508,291
近畿大学.csv,山ｱ帆大,右,京大以外,左,得点圏,2,内,ストレート,真中,ライナー,138,304
近畿大学.csv,谷本颯太,左,京大以外,左,なし,1,真中,ストレート,真中,ライナー,312,718
近畿大学.csv,谷本颯太,左,京大以外,左,なし,2,内,ストレート,高め,フライ,143,576
近畿大学.csv,勝田成,左,京大以外,左,なし,1,内,カーブ,真中,ゴロ,563,646
近畿大学.csv,勝田成,左,京大以外,左,なし,2,内,ストレート,高め,フライ,353,731
近畿大学.csv,阪上翔也,左,京大以外,左,得点圏,0,内,ストレート,高め,ライナー,341,729
近畿大学.csv,阪上翔也,左,京大以外,左,得点圏,2,内,ストレート,低め,ゴロ,551,548
近畿大学.csv,阪上翔也,左,京大以外,左,得点圏,2,真中,ストレート,真中,フライ,403,172
関西大学.csv,渡邊貫太,左,京大以外,右,なし,0,外,ストレート,真中,ライナー,277,726
関西大学.csv,渡邊貫太,左,京大以外,右,なし,1,真中,ストレート,真中,ゴロ,300,355
関西大学.csv,余河航太,左,京大以外,右,なし,1,真中,ストレート,真中,ライナー,164,623
関西大学.csv,余河航太,左,京大以外,右,なし,2,真中,ストレート,真中,ライナー,160,625
関西大学.csv,余河航太,左,京大以外,右,なし,2,外,ストレート,真中,ゴロ,342,337
関西大学.csv,金森洸喜,左,京大以外,右,1塁,1,真中,ストレート,真中,フライ,260,200
関西大学.csv,下井田悠人,左,京大以外,右,得点圏,0,外,カーブ,低め,フライ,61,466
関西大学.csv,下井田悠人,左,京大以外,右,得点圏,1,内,ストレート,高め,フライ,302,715
近畿大学.csv,三木太介,右,京大以外,左,なし,1,外,ストレート,真中,フライ,684,494
近畿大学.csv,三木太介,右,京大以外,左,なし,2,外,ストレート,真中,フライ,627,396
近畿大学.csv,伊藤愛都,左,京大以外,左,なし,2,真中,スライダー,低め,ライナー,193,647
近畿大学.csv,伊藤愛都,左,京大以外,左,なし,2,内,ストレート,高め,フライ,315,658
近畿大学.csv,八幡大介,左,京大以外,左,なし,1,真中,スライダー,真中,ライナー,298,351
関西大学.csv,中村莞爾,左,京大以外,右,なし,0,真中,ストレート,真中,ゴロ,304,712
関西大学.csv,中村莞爾,左,京大以外,右,なし,2,外,ストレート,高め,フライ,182,625
関西大学.csv,小谷太誠,左,京大以外,右,1塁,0,真中,ストレート,高め,ライナー,305,727
近畿大学.csv,谷本颯太,左,京大以外,左,なし,2,真中,ストレート,高め,ライナー,188,649
関西大学.csv,小村和大,右,京大以外,右,なし,0,真中,ストレート,真中,フライ,307,137
関西大学.csv,渡邊貫太,左,京大以外,右,なし,1,内,ストレート,真中,ライナー,289,351
近畿大学.csv,勝田成,左,京大以外,左,なし,1,真中,ストレート,高め,フライ,90,544
近畿大学.csv,野間翔一郎,左,京大以外,左,なし,0,真中,スライダー,高め,フライ,292,115
近畿大学.csv,阪上翔也,左,京大以外,左,なし,1,内,スライダー,高め,フライ,499,546
関西大学.csv,余河航太,左,京大以外,右,なし,0,真中,ストレート,低め,ライナー,292,717
関西大学.csv,余河航太,左,京大以外,右,なし,2,外,ストレート,低め,フライ,165,639
関西大学.csv,余河航太,左,京大以外,右,なし,2,真中,ストレート,低め,ライナー,203,682
関西大学.csv,余河航太,左,京大以外,右,なし,2,真中,ストレート,高め,ライナー,325,735
関西大学.csv,余河航太,左,京大以外,右,なし,2,外,ストレート,高め,ライナー,268,729
関西大学.csv,中村莞爾,左,京大以外,右,得点圏,0,真中,ストレート,低め,フライ,336,739
関西大学.csv,中村莞爾,左,京大以外,右,得点圏,2,外,ストレート,低め,フライ,151,647
関西大学.csv,中村莞爾,左,京大以外,右,得点圏,2,真中,ストレート,高め,フライ,289,731
関西大学.csv,中村莞爾,左,京大以外,右,得点圏,2,外,スライダー,真中,フライ,112,335
関西大学.csv,小谷太誠,左,京大以外,右,得点圏,0,真中,ストレート,高め,フライ,67,522
関西大学.csv,小谷太誠,左,京大以外,右,得点圏,1,内,ストレート,高め,ライナー,610,203
関西大学.csv,山田悠平,右,京大以外,右,得点圏,0,真中,スライダー,真中,ゴロ,255,441
近畿大学.csv,三木太介,右,京大以外,左,なし,1,真中,ストレート,高め,ライナー,371,718
近畿大学.csv,三木太介,右,京大以外,左,なし,2,外,スライダー,低め,ゴロ,359,706
近畿大学.csv,三木太介,右,京大以外,左,なし,2,外,フォーク,低め,ゴロ,434,336
近畿大学.csv,八幡大介,左,京大以外,左,なし,1,内,ストレート,低め,ゴロ,474,351
関西大学.csv,小村和大,右,京大以外,右,なし,1,真中,ストレート,低め,ゴロ,317,715
関西大学.csv,小村和大,右,京大以外,右,なし,2,外,ストレート,高め,フライ,629,628
関西大学.csv,渡邊貫太,左,京大以外,右,なし,2,内,ストレート,低め,ゴロ,141,571
関西大学.csv,渡邊貫太,左,京大以外,右,なし,2,内,ストレート,低め,ゴロ,423,346
